Step,EFA,GLD,NFLX,NOW,NVDA,PANW,PLTR,QQQ,TSLA,V,XLE,XLF
0,81.09999847001114,306.11999509996616,973.0300292999599,772.1599730998792,101.48999789998187,167.69000239997692,93.77999877999578,444.1000060998986,241.36999509996832,329.60998539999173,81.5,46.650001530007806
1,81.12246833558406,306.5429073593769,975.2904234297661,890.4194355377085,553.9313551130234,168.98772045907322,94.34016848932012,480.4355830474607,241.82243506770575,329.857002949159,872671597.8636831,46.67772861298841
2,81.14934743477025,306.9411860418949,977.6531779522854,1026.6559988076908,3023.3446899439423,170.31053132337226,94.89556631241891,519.78434686195,242.35502057020688,330.12637452468744,9344241935173290.0,46.704626013912836
3,81.17935297558924,307.37474906080223,979.8359534830035,1183.776913542198,16501.46095098186,171.63176929466886,95.46390045549333,562.3535045471286,242.88295798908732,330.3790688301078,1.0005465693715575e+23,46.734506877471084
4,81.20797639451123,307.810524223809,981.8794273797894,1365.2146611117223,90065.24833264801,172.96043405514646,96.04555767060586,608.4148301308192,243.38693843791793,330.64083996393197,1.0713479428576473e+30,46.764889062729
5,81.23507199574657,308.2530840966519,984.1840445534621,1574.2484628361856,491577.5933583373,174.2923714184349,96.63681766295623,658.232543207405,243.96862162878568,330.86779594874776,1.1471594124661505e+37,46.79386391866077
6,81.25985672197992,308.67934928345,986.4235031454664,1815.2090079099785,2683038.495746673,175.67227304947113,97.25070161580683,712.1430513785189,244.49355252196287,331.1589601954186,1.2283355061097535e+44,46.82072785521509
7,81.2821603564613,309.12471540480016,988.6772965941004,2093.135517967184,14644067.675680047,177.05270078838976,97.87084153579528,770.4407821635887,245.04303224839987,331.42942740857507,1.3152558390522885e+51,46.850788287154195
8,81.31164716490265,309.5593846465583,990.8615609778282,2413.621877220127,79927559.16049933,178.46610016776725,98.45734486845467,833.5633142367599,245.54369415052975,331.69405155981815,1.4083268891574172e+58,46.87677112637872
9,81.3388997801852,310.01029959569024,993.1769640941277,2782.9850590982282,436245915.750381,179.86921267597054,99.07099695233383,901.8149149470147,246.15302171974005,331.9679576190076,1.5079838977585757e+65,46.906614066357655
10,81.36705375814147,310.45379472145123,995.4415928982571,3208.924421345608,2381037291.8129377,181.264165654091,99.6647979754349,975.6581976293282,246.65276746725294,332.225403584572,1.6146929050397262e+72,46.93492908589467
11,81.396178357075,310.87524102272425,997.6576838468371,3700.1684091505945,12995740201.364449,182.652783792989,100.26273439153913,1055.549210660968,247.1400307437738,332.4842471990569,1.7289529294450464e+79,46.96407699909245
12,81.42665750584148,311.30608707415263,1000.1517130646564,4266.832443983543,70930961040.38936,184.0363455296263,100.85944881924742,1141.9567923940754,247.62876640191894,332.7521487920925,1.8512983013095303e+86,46.9934283299129
13,81.45122331839873,311.766931659791,1002.3818658832026,4919.978447812335,387142337116.38965,185.47884368201105,101.49570999729447,1235.415991447188,248.20243340402232,333.0430674156337,1.982301161623653e+93,47.02230480944412
14,81.48546653676591,312.24434704749564,1004.7397996331656,5673.5545495861925,2113029162294.787,186.91210677627268,102.13091860249271,1336.5462455828865,248.68603441547114,333.3124311793493,2.1225741376173227e+100,47.05113734135395
15,81.51561872565571,312.69386102134325,1007.2550880599048,6542.439175678708,11532947478606.416,188.38415769447838,102.76322304542872,1445.985721095958,249.27938967498864,333.5980534251675,2.2727732076753414e+107,47.08036723669047
16,81.54570915284799,313.14725126355995,1009.6206181898922,7544.077725889428,62947014607145.266,189.84214848675475,103.37221306988882,1564.3936916743728,249.88426803470085,333.8706629824061,2.433600768982007e+114,47.10586745962984
17,81.57252049175176,313.5992183257053,1011.9771683363263,8699.56274742124,343565827842558.5,191.30618305446475,103.96792557168834,1692.4955685074985,250.50344427763926,334.1124304897027,2.605808922240612e+121,47.13436583202974
18,81.59721447250487,314.04470349227654,1014.2530016534226,10031.691303650472,1875187867094555.5,192.82056894625092,104.58373774448218,1831.1063822517342,251.04105043975025,334.3794423968273,2.7902029888284363e+128,47.16610306601171
19,81.62992570434953,314.4817607860367,1016.5306740153309,11568.28997142057,1.0234805827400246e+16,194.32135160198894,105.227044093687,1980.9329970718647,251.6002283526774,334.6592220085573,2.9876452768351745e+135,47.196665433123435
20,81.66003225313933,314.93593305414953,1018.9593400380096,13339.917459891949,5.5861736395986024e+16,195.8139332472719,105.85616484485415,2143.1229420661944,252.18556489601437,334.9375214249419,3.199059113596426e+142,47.22609707011307
21,81.69054566068664,315.4156902416315,1021.3274938765572,15382.438456991318,3.048942643171996e+17,197.34267079405635,106.48850197356317,2318.621710456488,252.7682003140436,335.2435401886575,3.4254331635799703e+149,47.25535673473894
22,81.71388825244999,315.84209332249367,1023.4524546430472,17738.253978957193,1.6641178454346627e+18,198.88285950251202,107.11120310790166,2508.3923656182556,253.2205155087907,335.5079158749743,3.667826051817623e+156,47.284524808219906
23,81.74049380937913,316.30096019059005,1025.8114093351517,20454.572591113974,9.082782221882116e+18,200.40085824757236,107.75977082797306,2713.869893518414,253.76596105566335,335.75254418521916,3.9273713145032314e+163,47.315995869005974
24,81.76488710875458,316.77075820742806,1028.1747709789367,23586.678242568214,4.9573972850817e+19,201.9521442362838,108.42812537967116,2936.011853632972,254.36641506593335,336.0180040773027,4.205282699908644e+170,47.342702243776046
25,81.79215743081535,317.2261040343091,1030.4897738934285,27199.02310125649,2.705755487886502e+20,203.53929102822312,109.04629031207021,3176.429858775701,254.92865055043242,336.2831929354614,4.502859844406539e+177,47.371113324561904
26,81.82672345382511,317.6977274531633,1032.7646518169822,31363.910318719645,1.4768057388217131e+21,205.13886872756822,109.69871608814356,3436.399345821562,255.51619001507666,336.5713412787089,4.821494350144335e+184,47.400908458351694
27,81.85506290789078,318.16319161433915,1035.034259259331,36167.187711767176,8.060429702464898e+21,206.72027621864592,110.4028253181081,3717.769110658409,256.13035503751786,336.86339057905155,5.162676292789943e+191,47.42691357939905
28,81.88412870851353,318.6265120962896,1037.3961976474461,41706.62509235064,4.399395619915133e+22,208.33029210047917,111.04680746558725,4022.113321755134,256.6665914151143,337.15560384141,5.528001189784137e+198,47.45468730251446
29,81.90837408735395,319.0686720449072,1039.8958224176324,48093.84873255858,2.401197272970424e+23,209.9537284703524,111.7177628930036,4351.47921289221,257.25039907179,337.4377959865458,5.919177461684422e+205,47.484848678969456
30,81.93610635367948,319.48748355359106,1042.0953788346405,55458.70923975754,1.3105773705870623e+24,211.61409136246053,112.41141294971726,4707.712415783485,257.77285815274684,337.7112929850221,6.338034421494233e+212,47.51051214191168
31,81.95884864415598,319.92906323586163,1044.358924357992,63952.32361361218,7.153152569468403e+24,213.23722508667024,113.10475242112798,5093.070815518142,258.25326119725145,338.00147721479584,6.78653082933835e+219,47.539341265382355
32,81.98849186257915,320.40371329713605,1046.8888042935178,73745.95830486687,3.904202287513334e+25,214.89026434210894,113.77117599514779,5510.004603666565,258.830325738042,338.2764998855611,7.266764052490159e+226,47.569895005889826
33,82.01764138330867,320.8742256605195,1049.134473502618,85039.82135746855,2.1309199480638648e+26,216.54727554365775,114.48118647329707,5961.039449249855,259.279397282867,338.54528768023255,7.780979873587546e+233,47.60087431262095
34,82.0441490857862,321.3365410184528,1051.4726892664921,98063.07503359669,1.1630595677839806e+27,218.22285999945584,115.13822023881912,6449.0328318314805,259.93357295940916,338.82440844706485,8.331582992904237e+240,47.630428633459765
35,82.07762184210858,321.77871939811445,1053.6838856210795,113080.33258205392,6.347998006414644e+27,219.90237908331957,115.85214413639531,6977.090820378482,260.47324062521307,339.0854938866605,8.921148273790055e+247,47.65708500058105
36,82.0955230115969,322.23075764439403,1056.1639496819573,130397.11606245754,3.464747619610183e+28,221.63389063147912,116.55807851111079,7548.221497686866,261.052809394629,339.35911340288254,9.552432783869457e+254,47.68154130992531
37,82.11642515853522,322.7182808848552,1058.595163862428,150366.98276577817,1.8910648767476086e+29,223.35107008660557,117.28630988957404,8166.225205181055,261.60328975163554,339.5964286417476,1.022838868830698e+262,47.70998639736687
38,82.1453870964905,323.1858358788228,1061.081406253918,173395.6081154379,1.0321462803893262e+30,225.05477824576153,117.95924827757746,8834.896845939556,262.02565183969995,339.8783512045803,1.0952177055435628e+269,47.73554152565274
39,82.17040790135614,323.62189753993636,1063.6225758912242,199950.22292350925,5.633471158079714e+30,226.79681116098607,118.65148177583296,9558.158871013648,262.719160899333,340.1331760514066,1.1727182639308246e+276,47.760083489227625
40,82.19465513681082,324.1048546351981,1065.9408784899506,230572.15682619842,3.074757705559458e+31,228.53147485810481,119.36810753402995,10340.628917988368,263.2681115234712,340.4132583012673,1.2557029708302463e+283,47.79042944205267
41,82.22273633270987,324.57273007073707,1068.5309476486439,265880.6587104606,1.678207748403539e+32,230.3160489828198,120.07340583445242,11187.196765689761,263.7923447929684,340.6756439662083,1.3445598993799851e+290,47.81756218163082
42,82.253129933003,324.99941863460145,1070.803706125857,306597.3682682533,9.15968514107438e+32,232.0891315546002,120.80939174689846,12103.092750085105,264.40277778036864,340.97044566181575,1.4397045838200105e+297,47.84433599269313
43,82.28351012418814,325.48454806613495,1073.2632448384445,353550.3323051745,4.999371023249704e+33,233.90583533158033,121.52017907498961,13093.861217967586,264.93865949024104,341.25409898295476,1.5415819627137258e+304,47.87687673362949
44,82.31165228066364,325.92514393885136,1075.7190078342146,407692.6125489958,2.7286648223344056e+34,235.72326334575718,122.30955097112535,14165.869144688302,265.46117881414744,341.5515788070828,inf,47.90658893736595
45,82.3380224779714,326.4066786664624,1078.2352578854584,470128.92858638347,1.4893096907629609e+35,237.5065781269296,123.09711460163442,15325.619527241075,266.142332431836,341.84167444691366,inf,47.93303973005389
46,82.36218200190321,326.86263429681316,1080.5790005990616,542125.8606136382,8.12867647519598e+35,239.3717627210036,123.85368191453072,16580.343953111584,266.76377633080057,342.1508157535836,inf,47.96155775894766
47,82.39194117555869,327.31379664613934,1082.9788307519011,625148.1133203594,4.4366448192890715e+36,241.23339018179826,124.5624779930335,17937.655171920393,267.32836183484,342.4183575976535,inf,47.985717260607366
48,82.41893065751347,327.78811659857763,1085.4747292806246,720885.5433884334,2.421527946472969e+37,243.09167442005398,125.31443429767266,19406.076458048155,267.9930196168341,342.6642716153718,inf,48.011589999626594
49,82.45642620270633,328.2674933786968,1088.0119841566996,831284.0827582207,1.3216738851971535e+38,244.9721708080789,126.04947646226273,20994.7627837314,268.6236347489431,342.9550737867567,inf,48.04019379084288
50,82.48306326464933,328.7367770906343,1090.4533157056967,958594.5264830336,7.213717526392475e+38,246.87614009871203,126.75843942327656,22713.721767480754,269.23375522959634,343.1784355386711,inf,48.070900640143876
51,82.51034634536592,329.2231319604968,1093.024546219379,1105397.655512537,3.9372587393462886e+39,248.76296081262618,127.57958043605576,24573.119364763985,269.8569849892889,343.4793163600023,inf,48.09850515154389
52,82.53747114508201,329.7193460644947,1095.7251574424336,1274684.6373379393,2.1489622131504637e+40,250.7222658940308,128.33465535244773,26584.936896880645,270.434897137186,343.74904647652966,inf,48.125002102115026
53,82.56269816208322,330.18241077542757,1098.2757866858424,1469895.0369684633,1.172907065364795e+41,252.64970183895994,129.1431250275622,28761.4706468435,271.1142023668575,344.0106566422275,inf,48.15274312704687
54,82.59210368159012,330.6493462671404,1100.7471388886754,1695004.858072406,6.401745808111746e+41,254.62676766377714,129.90423905961657,31116.352291281648,271.78460838262185,344.26220603421933,inf,48.17751277909745
55,82.62319451159345,331.1076623358453,1103.140263829759,1954581.3613239361,3.494083257050729e+42,256.6334763382248,130.71245000587274,33663.82650899703,272.39652110357855,344.551244526804,inf,48.209191367934075
56,82.65443219788474,331.5897320528092,1105.6487681593244,2253917.06220207,1.9070763152970748e+43,258.6218790252514,131.49660914394335,36419.770003844416,273.07320683048516,344.82180973454376,inf,48.239736994650194
57,82.68014833610407,332.0677712120393,1108.0216652655545,2599094.369153817,1.0408853495485656e+44,260.64625567691513,132.25109206361043,39401.45219105651,273.73999934031616,345.07615771614866,inf,48.27379929956775
58,82.70666421202868,332.5187596967896,1110.5599401176291,2997125.735732141,5.6811691394535076e+44,262.65814366571254,133.04143378211168,42627.15208165826,274.4110789542142,345.3603470367041,inf,48.30138337016732
59,82.74162488833237,332.99206563608175,1113.01473227803,3456123.6320235822,3.1007913412439795e+45,264.6829677521274,133.85676891290413,46117.01071620318,274.9778214106748,345.6730780729456,inf,48.33021007510677
60,82.76380530667019,333.46215670212416,1115.310692601109,3985406.612398362,1.692416949032871e+46,266.7512389497858,134.62763378103588,49892.48407453053,275.64010427455065,345.93968077670735,inf,48.359943148115285
61,82.79148721109794,333.9558054235682,1118.0209551586124,4595749.98573515,9.23723918883436e+46,268.8068222003663,135.444617918625,53976.91025424105,276.3765448968587,346.21289177221456,inf,48.39094473487807
62,82.81797070554117,334.4600384187344,1120.568755419146,5299569.300710019,5.041700148447337e+47,270.9506991751132,136.26258795180925,58395.9298539618,276.98977238046155,346.45371963768645,inf,48.41961666916787
63,82.84959700877695,334.9604632847401,1123.0458227399006,6111171.011872397,2.751768127600194e+48,273.0574650559812,137.07489799924318,63176.63693014168,277.47106335948047,346.7448075494701,inf,48.4454773988707
64,82.87652458100128,335.4677363587473,1125.592391677018,7047072.116024454,1.5019195122915441e+49,275.21329058683676,137.9519869212694,68348.83648177212,278.1205552390902,347.0319737311343,inf,48.47718161045689
65,82.90359339979236,335.9424515345518,1128.2345748326761,8126290.029883998,8.197501085853962e+49,277.38832868957377,138.7739565033293,73944.41791686574,278.7501052517197,347.30451831830374,inf,48.50817482827156
66,82.92853361658281,336.39537519035935,1130.8070871336433,9370791.963005112,4.474209403541716e+50,279.5385284089228,139.64867819186912,79998.12697867968,279.30196748217196,347.592555885797,inf,48.53581902020604
67,82.95604859436585,336.8496285997836,1133.4399263817002,10805881.014750112,2.4420307575544265e+51,281.73038646140577,140.47905784323703,86547.48797595991,279.7859771996434,347.8773867517637,inf,48.56673479099382
68,82.98321986907847,337.3078366640005,1135.927497393893,12460743.688089775,1.3328643527773287e+52,283.9764493403506,141.31638309867736,93633.0105483558,280.38792147798114,348.17948909460443,inf,48.59694394680586
69,83.01580949047906,337.74531440373624,1138.5269880851977,14369039.313937943,7.274795280152955e+52,286.2163809393901,142.22839563045642,101298.53926537825,280.968450763144,348.4683289117524,inf,48.62698903390167
70,83.04232264548213,338.2427330826878,1141.278741842264,16569582.676115606,3.970595076525164e+53,288.4770537813168,143.1148723538925,109591.79635390583,281.77106774826433,348.76612030977935,inf,48.6581727076775
71,83.0674848473618,338.7364909621066,1144.171938937559,19107138.268706847,2.167157240113342e+54,290.6778030003581,144.00560056738888,118564.28612341035,282.3537082926173,349.0330256638958,inf,48.683358043425876
72,83.09425400637627,339.2168514123255,1146.5871262332673,22033300.46927373,1.1828379406257326e+55,292.9337251335597,144.8542228060355,128271.11478052799,282.95224662739065,349.29517038341567,inf,48.70901557918224
73,83.12046774168105,339.6669986131832,1149.4885211296155,25407582.24303009,6.455948686540811e+55,295.1942686756012,145.82017973612085,138772.49857742575,283.4718130627961,349.57914979402636,inf,48.738399794481296
74,83.15172196497969,340.14833556469137,1152.2931690593307,29298622.201859627,3.523667276110479e+56,297.48376080588827,146.64905288974145,150133.54000883305,284.14433414400213,349.84943237211615,inf,48.76682430599731
75,83.17630826418677,340.62729329210083,1154.7859182473323,33785536.53644609,1.9232233209376282e+57,299.8468474829186,147.57554188653214,162424.82825880396,284.7563273332296,350.13861007368376,inf,48.7980199040032
76,83.19682567604428,341.054668013296,1157.6942376508182,38959607.15528043,1.0496984114462607e+58,302.17737265810445,148.4619521419373,175722.20830952004,285.39644146396955,350.4009500508081,inf,48.82801987775452
77,83.22225618775485,341.53190125472855,1160.2781772676599,44926075.99255596,5.729270974395288e+58,304.5313652891637,149.3867327224294,190108.69140602046,286.028227497443,350.6563735073253,inf,48.85839479387481
78,83.25680879544146,342.02622714157144,1162.5829989645358,51806277.40057364,3.127045400861642e+59,306.95764839422014,150.25189230847937,205672.69027291934,286.62684173291996,350.928822678941,inf,48.890877664154154
79,83.28911597930323,342.5130263969537,1165.0064683526682,59740125.15085984,1.7067464574028314e+60,309.3204220189156,151.1583275365751,222510.95141138916,287.20773246234006,351.21127277380634,inf,48.925456610999134
80,83.31717569472326,342.9989709712152,1167.7677410940032,68889015.64683726,9.315449878196348e+60,311.736179286792,152.09252927241664,240727.54094267916,287.6438417925274,351.4487754602961,inf,48.954799020588474
81,83.34283857636038,343.48020865304704,1170.2188458250303,79439023.42351353,5.084387669697556e+61,314.1755100442142,153.0072882357398,260435.4136986689,288.30371442145486,351.7321413544216,inf,48.98459516344171
82,83.37336356408724,343.9484426512156,1172.7028540212298,91604706.00476548,2.7750670460133903e+62,316.6500934742171,153.96260289080402,281757.3864959264,288.94068464127037,352.0431454578118,inf,49.01465358482535
83,83.39806350911573,344.45382662002754,1175.3631707101997,105633491.14698353,1.5146360997936323e+63,319.1650282837096,154.9324415292263,304824.8370475677,289.55886645551607,352.31079234042375,inf,49.044633874177364
84,83.42852488377513,344.91997572788017,1177.9702249151453,121810726.36220032,8.26690842692887e+63,321.68347234281134,155.7790036848134,329780.08449122705,290.1871683236466,352.6038652276989,inf,49.073868874422196
85,83.45258850073701,345.41603684458903,1180.5393486008027,140465418.6358289,4.512092043002193e+64,324.1868813265153,156.77238005320368,356778.8501154852,290.85870039353927,352.82252851692914,inf,49.10725028447949
86,83.47790546321882,345.88824676219883,1183.1000833941384,161976978.89787135,2.4627071636847947e+65,326.7045256727347,157.78027863150754,385988.1521361907,291.38576896385933,353.12279209895587,inf,49.13543923055961
87,83.49983072101422,346.3606692358787,1185.70751751081,186782911.7147514,1.3441495688170676e+66,329.2208341589844,158.7490020602595,417588.55075412866,292.05627136044984,353.3895011646734,inf,49.16066971521215
88,83.53185629693387,346.8588148345098,1188.3498940104585,215387772.10892686,7.336390172544148e+66,331.79946450667023,159.6713525076428,451776.3458335625,292.6731181168139,353.69190308403415,inf,49.18636716052323
89,83.56706072157058,347.3382120869733,1191.0689972563293,248373283.53788003,4.0042136688084045e+67,334.35635004996675,160.6032601122877,488762.90919424745,293.24520270168097,353.99536984741894,inf,49.21616661744928
90,83.5978698821394,347.81167150996174,1193.855978060122,286410391.8015943,2.185506322370514e+68,336.945926595148,161.57940389776718,528777.6258355858,293.7725538550986,354.2760798233729,inf,49.246470093492974
91,83.62321314611577,348.31087078660346,1196.6039150536415,330272713.27397716,1.1928528995164387e+69,339.5606009932209,162.5040924626502,572067.9780121351,294.3976199163447,354.58340611490445,inf,49.272966057773175
92,83.65142149762934,348.79755899359145,1199.3083134212989,380852317.33495,6.5106104947865225e+69,342.1988995796162,163.52996739961475,618902.8448344017,295.05247975918513,354.86629997268267,inf,49.303220627650504
93,83.68253288692954,349.2650674104355,1202.0804876342577,439177876.15021914,3.553501779809388e+70,344.83686629410306,164.55666987054553,669572.0026492163,295.708904233808,355.16054625328053,inf,49.335366970887364
94,83.71219066291712,349.8015359983763,1204.8076634619883,506435718.6446331,1.9395070415009468e+71,347.5154196463168,165.48611887020851,724389.1595287136,296.320155211965,355.4816678518712,inf,49.36778722875364
95,83.734402815679,350.3131879135655,1207.4191426466252,583993762.2938179,1.0585860925707938e+72,350.2066884806435,166.50927926606695,783694.2308379757,296.9988282997223,355.72225430641146,inf,49.39641007453407
96,83.76345317591905,350.80441201571824,1210.1248416845358,673429423.5299077,5.777780082288734e+72,352.9095669307297,167.47850616949415,847854.8096197827,297.6490100978287,356.0105929577715,inf,49.426948713005324
97,83.79012200867349,351.3062484311651,1212.8668409874062,776561664.1504651,3.1535217507176847e+73,355.66304577258893,168.5404867804414,917268.0012221476,298.37058774360696,356.28089967813315,inf,49.45804194599854
98,83.82501092342498,351.80466215986274,1215.4019206151906,895488104.8485866,1.7211972921458636e+74,358.4165455391538,169.55590483713584,992363.5765653721,299.03795033939883,356.5718772163648,inf,49.48643968986098
99,83.8539221176498,352.3053262139939,1218.0381296887767,1032627539.3408515,9.394322768872604e+74,361.19672785446926,170.60836532621065,1073607.1282638062,299.7277475096507,356.8772096799457,inf,49.51526688617827
100,83.88340654853789,352.80632319346216,1220.6662775089267,1190769141.0523832,5.12743662150028e+75,363.9822095458126,171.62312647610315,1161502.4391506766,300.25375175389075,357.20088666642727,inf,49.543151844464205
101,83.9055362410707,353.27788078357634,1223.119516061787,1373129327.4398994,2.7985632338090676e+76,366.8106846472482,172.70226719917682,1256593.5032627631,300.7695534102915,357.4725761474846,inf,49.574612000828964
102,83.93864617700012,353.7710172926516,1225.8056239630857,1583417022.2094238,1.5274603572449907e+77,369.66269650469013,173.75172775341235,1359469.725616248,301.43640143884926,357.7263147762168,inf,49.60551244121687
103,83.96111682840738,354.2486007959003,1228.8649447380603,1825909213.236888,8.33690343233524e+77,372.4907941776584,174.86411211712291,1470767.7834281123,302.1288451374298,358.00918405671916,inf,49.633435942775186
104,83.98425824796894,354.7451266020018,1231.7950864932225,2105537816.9072983,4.550295430609035e+78,375.41826839103254,175.83913345706944,1591177.807078047,302.6834421454648,358.32458812262684,inf,49.667843184363655
105,84.01003064345096,355.22537200480417,1234.3106589846057,2427990058.4657655,2.4835586346742245e+79,378.3481123801358,176.9744549753819,1721446.3330032474,303.33927718614035,358.59363258519016,inf,49.701843519797464
106,84.0365320075577,355.7355423497939,1236.9069353626544,2799824187.1563435,1.3555303355411646e+80,381.27284940664657,178.00138086800288,1862379.5583103176,304.04074018460244,358.89194425092114,inf,49.73481640688201
107,84.0566674610642,356.2528546418307,1239.8144202312103,3228602922.8350787,7.398506582122088e+80,384.22724533978806,179.08848536426333,2014850.782449216,304.7053980988191,359.17581262299166,inf,49.76651230602498
108,84.08515124965217,356.7831091463842,1242.7588863251303,3723047028.4200416,4.038116906019017e+81,387.26814770965393,180.11646871015526,2179805.2623524196,305.4689238990237,359.466574111228,inf,49.797462463062374
109,84.10780847947466,357.3463947959322,1245.5626015434566,4293212592.7791204,2.2040107642912284e+82,390.29919164626165,181.14314118062921,2358264.589602594,306.15322705111856,359.74802528118715,inf,49.827891908588946
110,84.13501162348973,357.8475776142342,1248.4120422514115,4950696091.128694,1.2029526539637828e+83,393.3544867951963,182.23103741277686,2551333.414282842,306.81505938857293,360.0092677605069,inf,49.86237820263548
111,84.16706179137091,358.3656657608047,1251.1848323453069,5708869701.414823,6.565735118557233e+83,396.41387743434103,183.3151521331482,2760208.688686566,307.4290398187161,360.2724617583228,inf,49.89475722863737
112,84.19037269459787,358.8742573585219,1254.320636739142,6583153827.88329,3.5835888889733147e+84,399.4953727014215,184.43218533996387,2986184.344259922,307.99115641024895,360.59855179348705,inf,49.92548658006888
113,84.21393155373431,359.4242815364702,1257.240942942586,7591329937.771475,1.9559286345372733e+85,402.61355043965375,185.601222071104,3230659.882500856,308.880319641817,360.87624302602507,inf,49.956208613662966
114,84.24064772161687,359.9417189055839,1259.9947672673527,8753903081.07878,1.0675490247149588e+86,405.7859587116885,186.71187858119282,3495149.923390004,309.5267894653172,361.1854727935724,inf,49.97984743751452
115,84.26989356042216,360.47171422332804,1262.8586369168263,10094518228.788284,5.826699911469329e+86,408.94589258783043,187.8082118209508,3781294.854309253,310.26543617666937,361.4792630794948,inf,50.00626320118509
116,84.29770620366232,360.9678890923399,1265.7099502926133,11640441864.724693,3.180222272919154e+87,412.14670037951373,188.91785032179257,4090866.656188799,310.94976944462553,361.74769003618064,inf,50.03805083871644
117,84.32203057621045,361.4939763959821,1268.9428818246454,13423115804.016209,1.735770480518999e+88,415.32414819538064,190.08041340330053,4425782.59723341,311.65825413266424,362.04246266114427,inf,50.064358061374634
118,84.34577650754817,362.037071518893,1271.738580920692,15478797012.453913,9.473863467648736e+88,418.54662076558776,191.16850444148568,4788117.567744502,312.21985054862006,362.31881895890564,inf,50.092474703454904
119,84.38005583588296,362.53226134221364,1274.859948846869,17849295228.072098,5.170850064048387e+89,421.7778031831327,192.34175223531437,5180116.0011936445,312.85093638024625,362.6044990597743,inf,50.120548944918625
120,84.40588988558439,363.0535526204172,1277.814476599046,20582823136.279533,2.822258361245408e+90,425.09644573360083,193.46208280615465,5604207.356110404,313.5530476145562,362.9370751376265,inf,50.15416955871975
121,84.43446189594452,363.5997104463321,1280.6686053988522,23734976658.410313,1.5403931962752668e+91,428.3475283693603,194.53419461148567,6063019.317672203,314.2896469667512,363.226494058849,inf,50.18685863200887
122,84.45892251118632,364.08611711747216,1283.7601128704105,27369866184.504143,8.407491077762418e+91,431.68828086480767,195.6989440965121,6559392.902380957,315.00040734619836,363.51942690065783,inf,50.21543038205267
123,84.48105652069181,364.582553920603,1286.8749617523604,31561420685.817963,4.5888222821014904e+92,435.0780450167804,196.93236030292147,7096404.598548282,315.7601092123025,363.81457821054016,inf,50.24724747139108
124,84.50639765784831,365.06804721082347,1289.8060477856181,36394890186.92709,2.504586652777682e+93,438.4704559995162,198.08274657669924,7677380.624215566,316.1993336462236,364.0561816365059,inf,50.27639422208043
125,84.5353212522013,365.57509940352105,1292.4515745944052,41968580372.95634,1.3670074619667686e+94,441.8879516226762,199.24588443068208,8305920.778692026,316.87245044582556,364.36779712953887,inf,50.30728443888212
126,84.5647889582554,366.05644671623674,1295.3116923877362,48395852752.843925,7.461148924515499e+94,445.27931677665396,200.396448273334,8985917.818134291,317.56074073820264,364.66052328093434,inf,50.34034482828714
127,84.59326641966621,366.60723625747164,1298.4947600507176,55807429088.409744,4.0723071982143144e+95,448.73368132449195,201.58079332826793,9721586.042435788,318.2265491223911,364.96688162275615,inf,50.37038009455234
128,84.62206713963592,367.0966433536049,1301.5621218860208,64354050045.81632,2.222671881288695e+96,452.2449900120917,202.81176086749088,10517483.659933135,318.93540054975074,365.2646597350656,inf,50.396022917120305
129,84.65516818137698,367.6500323801763,1304.522669601167,74209542380.25003,1.2131379219224244e+97,455.7940453580723,203.92340988766983,11378540.882800108,319.6362840651195,365.53509260441064,inf,50.42635295276985
130,84.68155814207023,368.1888039947673,1307.4746566023016,85574352159.74301,6.621326476461173e+97,459.33934320328154,205.1015007418587,12310090.77255095,320.32342980130534,365.84087701465774,inf,50.461527347382244
131,84.70520976747177,368.7250839587232,1310.6280685220397,98679624522.71892,3.613930742385047e+98,462.90807212199394,206.34292557474808,13317907.037750997,321.0328989418473,366.11338685603926,inf,50.490410726016705
132,84.73647073324493,369.21880185846055,1313.514857433942,113791901781.27333,1.9724892673976841e+99,466.4995950139466,207.5327706737908,14408232.54687998,321.64681317319827,366.3922012929616,inf,50.522566007284624
133,84.7679411844529,369.7269326529021,1316.492316196825,131218547035.41025,1.0765878450208818e+100,470.18323229827377,208.83089647982032,15587821.633118201,322.33125148772206,366.7078371385366,inf,50.54788004640316
134,84.79191228001473,370.2265221008188,1319.243826795925,151313993374.1867,5.876033939468952e+100,473.8613282793831,210.02207880182908,16863981.751816973,322.8911497292453,367.0046287817035,inf,50.580292232561646
135,84.82506681761565,370.7346053338079,1322.168336239813,174486953807.7736,3.207148865508628e+101,477.5893621251647,211.43573557754564,18244620.548255246,323.6318102677293,367.283885604084,inf,50.612539513989006
136,84.8531646463788,371.2863101733868,1325.3293209434657,201208734111.69138,1.7504670584770184e+102,481.2443959455195,212.76305823847173,19738292.153020497,324.326674156663,367.58832319766225,inf,50.64001823016316
137,84.8836862812108,371.7701165731287,1328.3994450285861,232022818115.21976,9.554077628782747e+102,484.97635347271154,213.9942081069647,21354248.797569722,325.0862987497422,367.901040309908,inf,50.66529667502517
138,84.90546379618144,372.3258617607196,1331.3680172843044,267555920060.7469,5.2146310834449245e+103,488.73748390125223,215.23041281316202,23102500.742256645,325.8182663911688,368.21097662401957,inf,50.694556139631835
139,84.93246441961314,372.8292966896278,1334.475332567407,308530734667.459,2.846154112722479e+104,492.5534981303096,216.46733464494622,24993882.05164012,326.57853186565234,368.4739939297025,inf,50.72714973289698
140,84.96960149575528,373.36227586717905,1337.6389526018263,355780631452.5361,1.5534355362327263e+105,496.38873583873334,217.79292982583917,27040108.15138321,327.24828229686835,368.76388082138067,inf,50.75988082210121
141,85.00362203676131,373.88341696403864,1340.4906544192493,410266607127.06976,8.478676381028281e+105,500.2273732889222,219.16015258746202,29253857.289918974,327.9426431728804,369.06214379982896,inf,50.79605365408498
142,85.0227962627876,374.43433818276117,1343.532083489871,473096830145.6173,4.6276753362128e+106,504.1038462919675,220.58828545180884,31648844.532338835,328.7050480792635,369.3707993066231,inf,50.824534672082635
143,85.04696405120357,374.9943183814842,1346.809655714285,545549178646.8485,2.525792712800175e+107,508.0729693292461,222.08663749876175,34239905.34205786,329.42031408610535,369.6802707526698,inf,50.85036423965035
144,85.07863149435472,375.5005912663719,1349.8293883720473,629097232519.8484,1.3785817639608723e+108,512.0159514994328,223.49864446186655,37043094.39097489,330.05136651568137,369.9726775719301,inf,50.874950817639544
145,85.10833049181288,376.06977644579507,1352.451689320502,725440241097.8096,7.524321652739808e+108,515.9777937268417,224.82825877026235,40075777.872160606,330.6183558367821,370.2410740862304,inf,50.904437435890166
146,85.13788293954823,376.5808672636209,1355.4938430338102,836537686822.2919,4.106786975857314e+109,519.9930460585584,226.21983565631407,43356744.92189025,331.4593466433962,370.5721454892464,inf,50.936460405999235
147,85.16982853385049,377.1528325092154,1358.5069078223348,964649135481.9705,2.2414909999135763e+110,524.1154347842881,227.42808948732383,46906321.29561748,332.18530752936255,370.8682595940031,inf,50.96856063996302
148,85.2041234833254,377.67149909056644,1361.656861059865,1112380193436.3003,1.2234094274258678e+111,528.1900677505905,228.78506480643134,50746498.42122556,332.89532923663626,371.16773261359225,inf,50.99191482468474
149,85.23826786614849,378.1913193150798,1364.7340644937653,1282735504027.098,6.677388520284914e+111,532.2840734948513,230.30899438419212,54901066.47824827,333.62199412461507,371.50699606695144,inf,51.01695968137884
150,85.2719400758374,378.73393699984894,1367.7580474329839,1479179855486.2693,3.644529496936104e+112,536.4115044814795,231.5562410027889,59395766.653449625,334.3085540334445,371.81409624048354,inf,51.04752374157948
151,85.29223430241206,379.2940746974505,1370.575261178498,1705708649618.6047,1.9891901173170706e+113,540.6107055191907,232.97462690979353,64258441.42416569,335.0494747919501,372.0750447635103,inf,51.07709287068836
152,85.32308364618052,379.8375401231607,1373.4024108534493,1966929165314.1353,1.0857031960252762e+114,544.8585218183584,234.38403526203098,69519220.82362334,335.76987184777937,372.3528687771837,inf,51.10874045640711
153,85.36019532796513,380.34364061479346,1376.4994733052172,2268154261233.2905,5.925785673263616e+114,549.0889156665622,235.80208989363965,75210696.74791959,336.5813505198088,372.61842112426973,inf,51.138840416507
154,85.38866371835458,380.84195635131823,1379.5171489859335,2615510431903.441,3.2343034425992894e+115,553.3520334840732,237.2506529506597,81368127.8391352,337.2190705609125,372.90304245946373,inf,51.16812487183198
155,85.42709124766193,381.40072120979147,1382.388066427583,3016062415434.9824,1.7652880707459708e+116,557.7111771481871,238.78487634121393,88029662.59956421,337.9047106603779,373.20593732775643,inf,51.20150292962613
156,85.45675313166923,381.96877346625524,1385.4647167013297,3477956876531.765,9.634970954406253e+116,562.0866038243714,240.20970685765184,95236569.85478877,338.6889144368177,373.50365377660063,inf,51.2336591294384
157,85.49027666367236,382.52928786106816,1388.2986755633467,4010588101306.257,5.258782791922664e+117,566.4582503146136,241.62681764621544,103033500.1005953,339.3540692672606,373.7850576396163,inf,51.2636595343508
158,85.51767220190114,383.0349020943902,1391.5545073123908,4624789062162.427,2.870252186901993e+118,570.9234064751766,243.12965779268984,111468757.93167183,340.11344730313004,374.1009658892004,inf,51.29617868096391
159,85.54394996629118,383.5993954192945,1394.3593898144873,5333051744256.188,1.5665883042497148e+119,575.3293178189581,244.7003158138101,120594601.8555178,340.82648102350674,374.3818565619718,inf,51.32248357255573
160,85.57694384849262,384.11955566519384,1397.5287962745754,6149781217245.621,8.550464402436072e+119,579.8734560055013,246.17062149415966,130467571.26141873,341.52422271119224,374.6670510427926,inf,51.34754622656914
161,85.60462545867107,384.67810408738325,1400.6067908385064,7091588611103.909,4.6668573548646764e+120,584.3504067878907,247.62941029966814,141148831.70562235,342.31499892134065,374.97586905000963,inf,51.37780824157655
162,85.63218090085972,385.1854839546574,1403.8545409373019,8177628968263.869,2.547178322203062e+121,588.9394382966897,249.22599780248837,152704555.45232108,343.16970271270213,375.26476630651143,inf,51.40907165197319
163,85.66215709106058,385.728661015177,1406.8791680127326,9429990825646.973,1.390254064298355e+122,593.4893893921525,250.46064508529855,165206337.68447566,343.8453332354784,375.54598443222034,inf,51.4434589895292
164,85.69915616477142,386.248271159734,1409.7147096746799,10874145466508.53,7.588029257513464e+122,598.1812107364287,252.0139735550514,178731629.41171676,344.679307365393,375.81369232712973,inf,51.47416084626883
165,85.72914231758783,386.812940199422,1412.9851249083597,12539464968575.293,4.141558689989472e+123,602.8890503067377,253.6452935423207,193364223.37081036,345.46789476308345,376.10149791000237,inf,51.50270790793561
166,85.76548831216216,387.3347137023089,1416.4579488520624,14459819598787.062,2.260469457948299e+124,607.5966278786159,255.23077337476943,209194772.84718528,346.1605583979968,376.39020476745617,inf,51.53493040121105
167,85.79767296365353,387.9141641694871,1419.6646932346102,16674266667902.217,1.233767900637919e+125,612.3787975166889,256.8307913432821,226321356.98556718,346.8651524456552,376.6951050254264,inf,51.56631443796124
168,85.82578570839938,388.4495644262716,1422.692583801917,19227844929407.785,6.733925235274438e+125,617.1482108622283,258.1895180612626,244850076.27634445,347.579154869264,377.01819336689147,inf,51.602861001980315
169,85.86033337498382,388.99930143222474,1426.1620864622244,22172490582594.38,3.675387327780186e+126,621.9980151071549,259.70598530410535,264895725.2980658,348.35041988338907,377.3171415080626,inf,51.631394181881184
170,85.88584051146142,389.55055486723745,1428.9458366279946,25568093587938.164,2.0060323714978896e+127,626.80544533273,261.3040353953547,286582492.0790529,349.187192103898,377.61350441948406,inf,51.65776765404112
171,85.90948406384754,390.0845842207373,1432.5997419309545,29483715744821.754,1.0948957257051782e+128,631.6778581064852,262.89567785471496,310044735.810618,349.9544161190022,377.9179703126538,inf,51.687788232306836
172,85.93425351022755,390.60750320952076,1435.8435006790116,33998995313525.305,5.97595864952227e+128,636.5483686068908,264.60044054492096,335427813.4100005,350.77854828077255,378.2472553832283,inf,51.718462420789464
173,85.96538967862357,391.1716161903487,1438.8169510858397,39205766744959.22,3.261687934510824e+129,641.5413644098088,266.19905715977455,362888981.26199186,351.6275628132159,378.5570320463099,inf,51.753124849462736
174,85.99574479463733,391.7317809362019,1442.3468013238457,45209928468673.86,1.7802345708974894e+130,646.5232502076752,267.5828382767019,392598365.98049223,352.3028170771143,378.8130361883718,inf,51.78269537316932
175,86.02314912776963,392.3108473551486,1445.4875450100408,52133596708546.57,9.716549194930573e+130,651.5528464207678,269.15480837137574,424740031.5297966,353.0442452447805,379.1275635329937,inf,51.812286312047426
176,86.05590778103928,392.8778783964543,1448.4857494557996,60117589163806.78,5.3033083280653586e+131,656.5875169862301,270.8573558598916,459513103.3596511,353.8207337040879,379.4300307474244,inf,51.84325714515653
177,86.08652089690865,393.44714614584063,1451.7379317787324,69324289039028.09,2.894554296828052e+132,661.7166682491736,272.6184816707393,497133018.01777,354.5541659590071,379.7178582529434,inf,51.87150443709942
178,86.1233580768698,394.0072056691007,1455.320151393424,79940947694776.45,1.5798524353084724e+133,666.830643562676,274.18453295655456,537832837.3642007,355.34099401125286,380.0275111038699,inf,51.898074063188304
179,86.15159842135729,394.56732884017947,1458.8354751955533,92183493075286.12,8.622860245134209e+133,672.0028356864536,275.92468739011724,581864715.9217162,355.9986137271242,380.3614598505635,inf,51.9318339440643
180,86.17997419414924,395.09183005105695,1462.3257291184095,106300921367212.61,4.7063711233637155e+134,677.1789463841678,277.5913209446451,629501442.4135588,356.827439640387,380.6617035415626,inf,51.95856285468296
181,86.20063112297868,395.6552767563502,1465.4869416586796,122580361264045.72,2.568745001211253e+135,682.4912592921803,279.42241060352796,681038144.1994846,357.57937846421623,380.9759248614506,inf,51.99058010797297
182,86.22661230857683,396.21713321670745,1469.05117659366,141352913737480.03,1.4020251927204226e+136,687.7134950549496,281.0627648631847,736794107.5280128,358.4187124656617,381.2633668490387,inf,52.02595562613429
183,86.2549111092184,396.7741391264804,1472.4699522915248,163000386162743.66,7.652276267577528e+136,693.1902415092125,282.60164962074094,797114754.7309827,359.3159120897785,381.56847541791893,inf,52.05496256787097
184,86.28691909260806,397.30689272432045,1476.0563637967077,187963057756167.62,4.176624812404987e+137,698.5758830814401,284.5727640743599,862373797.5692054,360.0900207588562,381.85568642104766,inf,52.08689652294009
185,86.31916541588416,397.86853014344445,1479.50577011226,216748634239339.56,2.2796086045021195e+138,703.9327423096942,286.10400670744605,932975543.0911868,360.69425227467826,382.12305714170185,inf,52.11918994833118
186,86.35027435955706,398.44205024517936,1482.2260961776706,249942573847486.25,1.2442140779046423e+139,709.3722967615223,287.91802296456837,1009357388.7586576,361.44249422085693,382.4054081107649,inf,52.140145426025526
187,86.3902052806998,399.03928898108734,1485.633320343941,288219994740994.44,6.790940640418403e+139,714.9289514210543,289.78579734489404,1091992544.9954848,362.2847637470978,382.734949237833,inf,52.17395473739649
188,86.42518146726015,399.56836605638273,1488.7928108144547,332359405965436.75,3.706506428487822e+140,720.4649181220791,291.65322770669445,1181392967.5115054,363.17169718495313,383.0351199975371,inf,52.20759804333805
189,86.45334974841117,400.1340430734329,1492.1021347356093,383258541222149.94,2.0230172271944952e+141,726.0854971071758,293.56342303683533,1278112522.547229,363.97433362644983,383.3525555726746,inf,52.241073560744994
190,86.48511849767985,400.68982549580636,1495.2960050677402,441952617511635.5,1.104166087523938e+142,731.8200405123023,295.3689076355449,1382750415.489211,364.7110282993555,383.7194959400347,inf,52.26935930207541
191,86.51277000691073,401.24816063028373,1498.9120753898876,509635389998513.1,6.026556434858699e+142,737.5154505369666,296.9925347237429,1495954914.415681,365.43801028383587,384.1020876831749,inf,52.305064013945355
192,86.53996011043421,401.82741543661905,1502.2282630037628,587683431317467.4,3.289304287906765e+143,743.2666158210401,298.8910950738694,1618427363.8295019,366.29435940127496,384.4402814831134,inf,52.33618918955781
193,86.570653836632,402.41654570564174,1505.4610469142729,677684129119743.8,1.795307621423688e+144,749.0267544513631,300.5939444827407,1750926518.431047,366.96064652413946,384.761672525495,inf,52.37095061187694
194,86.60606739318854,402.97317520736556,1508.8689412632873,781467971338923.9,9.798818149454718e+144,754.8826082734265,302.3248953943881,1894273252.242895,367.842064366768,385.0569558167458,inf,52.4022940750581
195,86.63426541896334,403.5170262602261,1511.76512990552,901145775707344.8,5.348210857030761e+145,760.8234868185687,303.88902678364656,2049355656.4952028,368.76796234330027,385.36197479431956,inf,52.43984114962852
196,86.67321798914271,404.0660046993481,1515.1785498017928,1039151620870017.4,2.919062170048906e+146,766.7123629807552,305.7882474833803,2217134511.0513015,369.54425233348377,385.72910915763765,inf,52.46331902442815
197,86.7087306644198,404.66140600965514,1518.7305195320287,1198292352116707.0,1.5932288723076342e+147,772.710012674674,307.41377282596596,2398649264.735717,370.1994158104995,386.0543536548364,inf,52.49759081102427
198,86.7418550307561,405.25180070363007,1522.1300454469015,1381804668626085.8,8.695869055478642e+147,778.6483566054843,309.3945013994954,2595024467.6784797,371.11633412464323,386.3745743659986,inf,52.52837555323872
199,86.77059137627234,405.85871066594245,1525.6299814803358,1593420953473345.2,4.746219450599471e+148,784.757836909098,311.3440613448254,2807476721.099688,371.83611123976976,386.65364467976866,inf,52.566215028298835
200,86.7947261578957,406.4244193529608,1528.742493742274,1837445184998049.5,2.590494282921176e+149,790.9201032755218,313.1769855881966,3037322249.6180983,372.6082586185222,387.020037767363,inf,52.59330791726983
201,86.8175791550873,407.00505869967844,1532.208767844207,2118840473692312.2,1.4138959859935905e+150,797.0549489479248,315.03035172171406,3285985018.0142336,373.4698312430305,387.2823432943618,inf,52.621364298416964
202,86.8533768875493,407.61145754279244,1535.686996496382,2443330004940476.5,7.717067250017225e+150,803.2785931734857,316.8840878763214,3555005582.2990866,374.3589371208387,387.5782011742353,inf,52.649693764399785
203,86.88295937785479,408.16209483934415,1538.6220568319566,2817513440587425.0,4.211987835826483e+151,809.5737556371986,318.74936607564604,3846050609.9224186,375.03369639333766,387.9008565596709,inf,52.67662753782975
204,86.91274952458221,408.73730509088176,1542.042568085891,3249001146735908.5,2.2989098001071014e+152,815.8919458228548,320.6275795064472,4160923219.277876,376.02826265837484,388.20051477531393,inf,52.715340739390186
205,86.93816958927084,409.3573143920897,1545.3344793775843,3746568977973336.5,1.2547487018066013e+153,822.2314975607973,322.7789039359954,4501574165.883493,376.7071800911046,388.511611269459,inf,52.744950151402925
206,86.9651556411345,409.9363464848106,1549.188333424651,4320336765881937.0,6.848438788733669e+153,828.6575219535101,324.70473440351714,4870113888.915438,377.51642498297275,388.82606522213325,inf,52.77522204517338
207,86.99398769806587,410.539737695447,1552.8871650980673,4981974142304021.0,3.7378890112022647e+154,835.0821779617718,326.5374019832114,5268825612.519166,378.4332199381755,389.1213628914088,inf,52.807391694273974
208,87.02715924435877,411.1460539503122,1556.7021040982127,5744937883243662.0,2.0401458917982285e+155,841.6672983575208,328.7239062854779,5700179499.421518,379.30832063963373,389.42907410275376,inf,52.843392335154114
209,87.06272241900783,411.7239911799309,1560.548639827261,6624745600747442.0,1.1135149404777166e+156,848.1515579697627,330.51512490783506,6166847937.816921,380.2575368423797,389.74646718640156,inf,52.87430221216924
210,87.09168140812588,412.3032259050563,1564.1181323318465,7639291349452310.0,6.0775826260846735e+156,854.7695904456258,332.3953728012296,6671722081.034489,381.17167921790985,390.06360178461944,inf,52.911841790337526
211,87.12504751510076,412.9059667349583,1567.518788030338,8809209566565502.0,3.317154465932852e+157,861.4629997461602,334.488012869105,7217929813.034319,381.96309805349887,390.3744707299891,inf,52.93670620806578
212,87.14014315791083,413.5103618256838,1571.1421309009909,1.0158294747148536e+16,1.8105082938127112e+158,868.2000490059462,336.51950798042145,7808855056.907494,382.66860255344085,390.70620584458044,inf,52.974305322374754
213,87.16749038525325,414.0847354563635,1574.9039033724073,1.1713985391104088e+16,9.881783666178353e+158,874.990931813377,338.5617987861704,8448158810.768731,383.5726774428691,391.00045355348516,inf,53.00826421017975
214,87.19989606380246,414.67488895833566,1578.1060844093365,1.3507922063582804e+16,5.393493570775718e+159,881.7001125387138,340.54253650153566,9139801766.390966,384.4584236551666,391.3209662151597,inf,53.03949620872466
215,87.23000485211688,415.2433113868018,1581.461495699822,1.5576590919662722e+16,2.9437775487397554e+160,888.5428891982095,342.5980396992505,9888068908.956532,385.20155107253214,391.62036469475544,inf,53.08019480557113
216,87.26842795024885,415.85611871615833,1585.2072853574289,1.79620657815919e+16,1.6067185661292766e+161,895.4776914351443,344.4906634338417,10697595970.525959,385.8595577091777,391.93002367982393,inf,53.1143701366193
217,87.29562557855584,416.4693605442842,1589.0684392365945,2.071286386122867e+16,8.769496023399185e+161,902.4051668344835,346.5797158354508,11573398271.834925,386.6911125133932,392.2467762491679,inf,53.14914618340753
218,87.32179154003839,417.04525714105733,1592.2343413343606,2.388493253230893e+16,4.786405169243981e+162,909.4635188781122,348.58827935847023,12520901699.647934,387.45110862245275,392.58369706962196,inf,53.1803097856235
219,87.35617490661251,417.6943642285762,1596.0385493346998,2.7542787221261708e+16,2.6124277134098508e+163,916.54297592308,350.84019903963303,13545976369.338474,388.29931191792565,392.87029838566866,inf,53.215340901302945
220,87.38970032209951,418.2918917062446,1599.619353237779,3.176082356058122e+16,1.4258672879692341e+164,923.6401492730075,353.35499558274773,14654972950.202438,389.17085144964193,393.2003844997415,inf,53.2470398821353
221,87.42941369663126,418.82342248420923,1603.3497459773603,3.662483049167658e+16,7.782406810587082e+164,930.8279136679439,355.2204851346185,15854762039.382381,390.0565866121374,393.5168688428058,inf,53.27966555728435
222,87.45135195876546,419.4222700510225,1606.710078288477,4.223373509144719e+16,4.247650274082117e+165,938.075323675151,357.34607470732493,17152776766.088154,390.95038051853106,393.79402052787145,inf,53.306341969459446
223,87.47542965741523,419.9613674678974,1610.6989517160155,4.870161461035731e+16,2.3183744168147284e+166,945.3428621208878,359.44653961894466,18557058759.313023,391.82244887146845,394.10531843556925,inf,53.33941164609714
224,87.50837456116867,420.5687291948837,1613.8520213149377,5.616001664356378e+16,1.265372521211748e+167,952.6120732008159,361.7810427539483,20076308026.579567,392.65848770069806,394.37754845784195,inf,53.37088777093294
225,87.54500442864634,421.2192948252725,1617.8950938896778,6.47606346245461e+16,6.906423767553704e+167,960.0502262901116,363.7921506529792,21719936813.431736,393.490388091608,394.700558559661,inf,53.40951622417237
226,87.57224016148442,421.8153232678116,1621.7773609396513,7.467839305650773e+16,3.7695373067966952e+168,967.4146713349096,365.9481050506103,23498127992.678936,394.2861327354941,395.02703590860335,inf,53.43774095114116
227,87.61179959183312,422.4580819052669,1625.453367331388,8.61150052317698e+16,2.057419582923323e+169,974.9476877166671,368.204564939809,25421898037.07147,395.040242018844,395.331337637324,inf,53.47266632958748
228,87.64427713062383,423.0458197875401,1628.9308181494816,9.930307579666552e+16,1.1229429491423513e+170,982.5136832097888,370.3206520897691,27503165359.292313,395.8880343980472,395.66733829282595,inf,53.49936613923903
229,87.66979653149241,423.6444072826552,1632.7601331765238,1.1451083160406234e+17,6.129040850465712e+170,990.2369572696635,372.70875481090286,29754824115.936714,396.7660197785962,395.986647396147,inf,53.528167970023034
230,87.69879851250346,424.2352748168082,1636.7153853034204,1.3204757707119811e+17,3.3452404483565128e+171,997.9811504774781,374.6478067060099,32190824088.053776,397.5472209567322,396.34233205243265,inf,53.565057065968446
231,87.731951302347,424.86439637251516,1640.7230861247401,1.522699849971282e+17,1.8258376686248138e+172,1005.7212027400267,376.81017457828506,34826257131.295235,398.3813081829453,396.66855953974846,inf,53.59761286964015
232,87.7601827075614,425.47161815761274,1644.4787817270683,1.7558935078789498e+17,9.965451642817078e+172,1013.4990506477507,379.30404400614566,37677450640.12685,399.166176552095,396.99846515602076,inf,53.629302644966415
233,87.79527083892371,426.0704914835704,1648.3596414955273,2.0247995762720022e+17,5.439159688282957e+173,1021.3307459265964,381.5696210958243,40762068737.64179,399.9634838857692,397.30991278495793,inf,53.66475981097451
234,87.82491046284221,426.65725403646485,1652.3766225469876,2.3348872273136854e+17,2.968702189826629e+174,1029.189655401329,383.6174824822166,44099221652.97893,400.66583745332866,397.6112582714276,inf,53.69552670380784
235,87.85776083184648,427.2803516295639,1656.1920072138305,2.692463208782674e+17,1.6203224757064514e+175,1037.2017379211852,385.87830538568494,47709584205.11643,401.45647198667626,397.93131679826945,inf,53.73030337255789
236,87.88533484295036,427.85151548999966,1660.0929507009032,3.1048001144754874e+17,8.843746382768045e+175,1045.256107521525,388.6657850823724,51615523824.94644,402.32111098132407,398.2153037795365,inf,53.76797951699146
237,87.9091202210539,428.4386920397685,1663.5126825141722,3.580284298558037e+17,4.8269311359532436e+176,1053.4219461224586,390.75630429063,55841239091.354324,403.0974267232811,398.52426296480763,inf,53.79591703740519
238,87.93994630276234,429.01754128955827,1667.723118641411,4.1285864422409946e+17,2.6345468518447526e+177,1061.7614082472458,393.2879161288056,60412909781.3296,403.8762842937224,398.81593735563547,inf,53.83182529806717
239,87.96429592109732,429.6201191768882,1671.8787967655926,4.760858241880613e+17,1.4379399496434632e+178,1070.0111503946357,395.7652502536731,65358858905.70849,404.6136044596608,399.09045646699434,inf,53.866582931743515
240,87.9987511897356,430.2173826198457,1675.6519742199964,5.489959218821823e+17,7.848299594037701e+178,1078.3297058759547,398.3653509987143,70709728323.44351,405.51164122340555,399.4009835804271,inf,53.9009372603658
241,88.02647722177562,430.8946692701753,1679.7088622142453,6.330718264026033e+17,4.2836146622843977e+179,1086.605585494896,400.89351556095073,76498668492.29465,406.4940647060146,399.68567668483,inf,53.93399406080044
242,88.04958423013666,431.51380929942775,1683.7378025107726,7.300235236917315e+17,2.3380038382935426e+180,1095.0493899186579,403.1601195437305,82761543831.43579,407.42720411560515,400.01137089849686,inf,53.962951892336676
243,88.08280790228005,432.088335500973,1687.4542609995597,8.418228752526098e+17,1.276086291328616e+181,1103.549769360411,405.3458947659483,89537155018.79585,408.32790622157415,400.30450875757623,inf,53.99388650078338
244,88.11827512698746,432.6575515644717,1691.3811995895635,9.707437230436852e+17,6.964899698818902e+181,1112.0752769239152,408.0784964305447,96867479206.13084,408.98754080788837,400.6397777277623,inf,54.02806792522938
245,88.14535683598281,433.27013103916374,1695.558556502542,1.1194081362378739e+18,3.801453565032888e+182,1120.7090594646427,410.05152648255654,104797930274.20094,409.77875250536215,400.94087223772146,inf,54.06021980246405
246,88.1735688723246,433.8650633252048,1699.3972753918208,1.2908397404277379e+18,2.074839528493416e+183,1129.4686597253053,412.85964026521674,113377640063.23528,410.61580539044786,401.2397202505846,inf,54.087183638721015
247,88.19927732523986,434.4905881149215,1702.7936369039912,1.4885252139291305e+18,1.132450783720541e+184,1138.22271705693,415.40343192638903,122659762761.10338,411.5193221696996,401.5582951172823,inf,54.12109727666129
248,88.2327586972619,435.06370103422495,1706.813551939727,1.716485201926502e+18,6.180934765979116e+184,1147.0429918176053,417.8226051941073,132701804258.90178,412.37605861738746,401.8846396960162,inf,54.15285932686456
249,88.25829266652447,435.68070986257885,1710.9658224328048,1.9793560907548646e+18,3.3735642317076985e+185,1156.099115678533,419.8469890254136,143565978450.81503,413.32660243885783,402.1976016043391,inf,54.18638181902667
250,88.29839334851263,436.2889689349916,1714.475876661489,2.2824843054931292e+18,1.8412968355692698e+186,1165.1360200913089,422.3036433177722,155319592536.82922,414.126653854549,402.489463250369,inf,54.218839495429755
251,88.33340660489549,436.9093330026923,1718.3910072549033,2.6320350487494943e+18,1.0049828027021884e+187,1174.1711361574148,424.7326049939127,168035464145.64978,415.0330200765176,402.88189940063586,inf,54.24721246222261
252,88.35568514521741,437.5319043898536,1722.0483865204487,3.0351176922322744e+18,5.485212455790026e+187,1183.324932737705,427.0712130729627,181792372418.6953,415.7561009779751,403.1586973507083,inf,54.27558312001694
