Date,Ticker,Close
2024/4/22,EFA,74.67157745361328
2024/4/23,EFA,75.48606872558594
2024/4/24,EFA,75.34062194824219
2024/4/25,EFA,74.99154663085938
2024/4/26,EFA,75.59272766113281
2024/4/29,EFA,75.88362121582031
2024/4/30,EFA,74.9236831665039
2024/5/1,EFA,74.75884246826172
2024/5/2,EFA,75.76726531982422
2024/5/3,EFA,76.52357482910156
2024/5/6,EFA,77.04718017578125
2024/5/7,EFA,77.25080108642578
2024/5/8,EFA,77.16353607177734
2024/5/9,EFA,77.75502014160156
2024/5/10,EFA,77.90045166015625
2024/5/13,EFA,77.90045166015625
2024/5/14,EFA,78.48223876953125
2024/5/15,EFA,79.31613159179688
2024/5/16,EFA,78.88948822021484
2024/5/17,EFA,79.1609878540039
2024/5/20,EFA,79.21916198730469
2024/5/21,EFA,79.09310913085938
2024/5/22,EFA,78.34649658203125
2024/5/23,EFA,77.94894409179688
2024/5/24,EFA,78.58890533447266
2024/5/28,EFA,78.559814453125
2024/5/29,EFA,77.31867218017578
2024/5/30,EFA,77.96833801269531
2024/5/31,EFA,78.71495819091797
2024/6/3,EFA,78.93797302246094
2024/6/4,EFA,78.84100341796875
2024/6/5,EFA,79.39369201660156
2024/6/6,EFA,79.66519927978516
2024/6/7,EFA,78.8022232055664
2024/6/10,EFA,78.7440414428711
2024/6/11,EFA,77.8492431640625
2024/6/12,EFA,78.76673126220703
2024/6/13,EFA,77.64205932617188
2024/6/14,EFA,76.78376007080078
2024/6/17,EFA,77.08958435058594
2024/6/18,EFA,77.39541625976562
2024/6/20,EFA,77.44474792480469
2024/6/21,EFA,76.90213775634766
2024/6/24,EFA,77.51380920410156
2024/6/25,EFA,77.70125579833984
2024/6/26,EFA,77.1290512084961
2024/6/27,EFA,77.18824005126953
2024/6/28,EFA,77.27703857421875
2024/7/1,EFA,77.41515350341797
2024/7/2,EFA,77.60260009765625
2024/7/3,EFA,78.49049377441406
2024/7/5,EFA,79.01337432861328
2024/7/8,EFA,78.6187515258789
2024/7/9,EFA,78.30305480957031
2024/7/10,EFA,79.40799713134766
2024/7/11,EFA,79.6349105834961
2024/7/12,EFA,80.48334503173828
2024/7/15,EFA,79.77302551269531
2024/7/16,EFA,80.15778350830078
2024/7/17,EFA,79.73355865478516
2024/7/18,EFA,78.9443130493164
2024/7/19,EFA,78.46089935302734
2024/7/22,EFA,79.28961181640625
2024/7/23,EFA,78.84565734863281
2024/7/24,EFA,77.8492431640625
2024/7/25,EFA,77.35596466064453
2024/7/26,EFA,78.34252166748047
2024/7/29,EFA,77.9972152709961
2024/7/30,EFA,78.17479705810547
2024/7/31,EFA,79.27974700927734
2024/8/1,EFA,77.17838287353516
2024/8/2,EFA,75.96491241455078
2024/8/5,EFA,74.3074951171875
2024/8/6,EFA,74.43574523925781
2024/8/7,EFA,74.79090881347656
2024/8/8,EFA,76.04383850097656
2024/8/9,EFA,76.33979797363281
2024/8/12,EFA,76.27074432373047
2024/8/13,EFA,77.5828628540039
2024/8/14,EFA,77.86896514892578
2024/8/15,EFA,78.8160629272461
2024/8/16,EFA,79.25015258789062
2024/8/19,EFA,80.21697235107422
2024/8/20,EFA,79.97032928466797
2024/8/21,EFA,80.71025085449219
2024/8/22,EFA,80.23670959472656
2024/8/23,EFA,81.70667266845703
2024/8/26,EFA,81.34164428710938
2024/8/27,EFA,81.71654510498047
2024/8/28,EFA,81.4304428100586
2024/8/29,EFA,81.73627471923828
2024/8/30,EFA,81.8645248413086
2024/9/3,EFA,80.57213592529297
2024/9/4,EFA,80.21697235107422
2024/9/5,EFA,80.23670959472656
2024/9/6,EFA,78.72727966308594
2024/9/9,EFA,79.51651763916016
2024/9/10,EFA,79.12189483642578
2024/9/11,EFA,79.59544372558594
2024/9/12,EFA,80.24656677246094
2024/9/13,EFA,80.43401336669922
2024/9/16,EFA,81.08514404296875
2024/9/17,EFA,80.63133239746094
2024/9/18,EFA,80.37482452392578
2024/9/19,EFA,81.96318054199219
2024/9/20,EFA,81.15420532226562
2024/9/23,EFA,81.46003723144531
2024/9/24,EFA,81.94345092773438
2024/9/25,EFA,81.49949645996094
2024/9/26,EFA,83.29503631591797
2024/9/27,EFA,82.79188537597656
2024/9/30,EFA,82.50578308105469
2024/10/1,EFA,81.89412689208984
2024/10/2,EFA,81.72640228271484
2024/10/3,EFA,80.96675872802734
2024/10/4,EFA,81.4403076171875
2024/10/7,EFA,80.98648834228516
2024/10/8,EFA,80.85823822021484
2024/10/9,EFA,80.87796783447266
2024/10/10,EFA,80.77931213378906
2024/10/11,EFA,81.19367218017578
2024/10/14,EFA,81.4304428100586
2024/10/15,EFA,80.078857421875
2024/10/16,EFA,80.2860336303711
2024/10/17,EFA,80.29589844
2024/10/18,EFA,80.83850860595703
2024/10/21,EFA,79.88154602050781
2024/10/22,EFA,79.42773438
2024/10/23,EFA,78.62861633300781
2024/10/24,EFA,79.07257080078125
2024/10/25,EFA,78.80619812011719
2024/10/28,EFA,79.43759155273438
2024/10/29,EFA,79.15149688720703
2024/10/30,EFA,78.63848114013672
2024/10/31,EFA,78.15506744384766
2024/11/1,EFA,78.31291961669922
2024/11/4,EFA,78.37211608886719
2024/11/5,EFA,79.15149688720703
2024/11/6,EFA,78.00708770751953
2024/11/7,EFA,79.19094848632812
2024/11/8,EFA,78.09587860107422
2024/11/11,EFA,78.11560821533203
2024/11/12,EFA,76.66536712646484
2024/11/13,EFA,76.21155548095703
2024/11/14,EFA,76.3694076538086
2024/11/15,EFA,76.0931625366211
2024/11/18,EFA,76.50752258300781
2024/11/19,EFA,76.40885925292969
2024/11/20,EFA,76.2016830444336
2024/11/21,EFA,76.22142028808594
2024/11/22,EFA,76.51737976074219
2024/11/25,EFA,76.9120101928711
2024/11/26,EFA,76.46805572509766
2024/11/27,EFA,76.88240814208984
2024/11/29,EFA,77.90843200683594
2024/12/2,EFA,78.12547302246094
2024/12/3,EFA,78.56941986083984
2024/12/4,EFA,78.62861633300781
2024/12/5,EFA,79.01337432861328
2024/12/6,EFA,79.00350952148438
2024/12/9,EFA,78.95417785644531
2024/12/10,EFA,78.24385833740234
2024/12/11,EFA,78.73713684082031
2024/12/12,EFA,78.04654693603516
2024/12/13,EFA,77.82950592041016
2024/12/16,EFA,77.572998046875
2024/12/17,EFA,77.44999694824219
2024/12/18,EFA,75.55000305175781
2024/12/19,EFA,75.30999755859375
2024/12/20,EFA,75.0999984741211
2024/12/23,EFA,75.58999633789062
2024/12/24,EFA,75.86000061035156
2024/12/26,EFA,76.22000122070312
2024/12/27,EFA,76.11000061035156
2024/12/30,EFA,75.61000061035156
2024/12/31,EFA,75.61000061035156
2025/1/2,EFA,75.3499984741211
2025/1/3,EFA,75.68000030517578
2025/1/6,EFA,76.4000015258789
2025/1/7,EFA,76.33999633789062
2025/1/8,EFA,76.22000122070312
2025/1/10,EFA,75.05999755859375
2025/1/13,EFA,74.8499984741211
2025/1/14,EFA,75.12000274658203
2025/1/15,EFA,76.08000183105469
2025/1/16,EFA,76.47000122070312
2025/1/17,EFA,76.77999877929688
2025/1/21,EFA,78.33000183105469
2025/1/22,EFA,78.1500015258789
2025/1/23,EFA,78.79000091552734
2025/1/24,EFA,79.2300033569336
2025/1/27,EFA,79.2300033569336
2025/1/28,EFA,79.12999725341797
2025/1/29,EFA,79.12000274658203
2025/1/30,EFA,79.98999786376953
2025/1/31,EFA,79.23999786376953
2025/2/3,EFA,78.30999755859375
2025/2/4,EFA,79.22000122070312
2025/2/5,EFA,79.98999786376953
2025/2/6,EFA,80.37000274658203
2025/2/7,EFA,79.61000061035156
2025/2/10,EFA,80.1500015258789
2025/2/11,EFA,80.52999877929688
2025/2/12,EFA,80.83000183105469
2025/2/13,EFA,81.80999755859375
2025/2/14,EFA,81.93000030517578
2025/2/18,EFA,82.5199966430664
2025/2/19,EFA,81.66999816894531
2025/2/20,EFA,82.05000305175781
2025/2/21,EFA,81.54000091552734
2025/2/24,EFA,81.48999786376953
2025/2/25,EFA,82.2300033569336
2025/2/26,EFA,82.33999633789062
2025/2/27,EFA,81.41000366210938
2025/2/28,EFA,81.58000183105469
2025/3/3,EFA,82.4800033569336
2025/3/4,EFA,82.45999908447266
2025/3/5,EFA,84.43000030517578
2025/3/6,EFA,83.55999755859375
2025/3/7,EFA,84.43000030517578
2025/3/10,EFA,82.44000244140625
2025/3/11,EFA,82.16000366210938
2025/3/12,EFA,82.75
2025/3/13,EFA,82.19999694824219
2025/3/14,EFA,83.70999908447266
2025/3/17,EFA,84.6500015258789
2025/3/18,EFA,84.63999938964844
2025/3/19,EFA,84.88999938964844
2025/3/20,EFA,84.18000030517578
2025/3/21,EFA,83.66000366210938
2025/3/24,EFA,83.6500015258789
2025/3/25,EFA,84.11000061035156
2025/3/26,EFA,83.0199966430664
2025/3/27,EFA,83.19999694824219
2025/3/28,EFA,82.45999908447266
2025/3/31,EFA,81.7300033569336
2025/4/1,EFA,81.8499984741211
2025/4/2,EFA,82.04000091552734
2025/4/3,EFA,80.31999969482422
2025/4/4,EFA,75.0199966430664
2025/4/7,EFA,73.20999908447266
2025/4/8,EFA,72.95999908447266
2025/4/9,EFA,78.58999633789062
2025/4/10,EFA,77.04000091552734
2025/4/11,EFA,78.97000122070312
2025/4/14,EFA,79.81999969482422
2025/4/15,EFA,80.54000091552734
2025/4/16,EFA,80.2300033569336
2025/4/17,EFA,81.0999984741211
2024/4/22,GLD,215.57000732421875
2024/4/23,GLD,215.0399932861328
2024/4/24,GLD,214.63999938964844
2024/4/25,GLD,215.9199981689453
2024/4/26,GLD,216.6199951171875
2024/4/29,GLD,216.17999267578125
2024/4/30,GLD,211.8699951171875
2024/5/1,GLD,213.7899932861328
2024/5/2,GLD,213.1300048828125
2024/5/3,GLD,212.9600067138672
2024/5/6,GLD,215.1999969482422
2024/5/7,GLD,214.2100067138672
2024/5/8,GLD,213.5800018310547
2024/5/9,GLD,216.9499969482422
2024/5/10,GLD,218.7100067138672
2024/5/13,GLD,216.25999450683594
2024/5/14,GLD,218.08999633789062
2024/5/15,GLD,220.88999938964844
2024/5/16,GLD,220.02999877929688
2024/5/17,GLD,223.66000366210938
2024/5/20,GLD,224.55999755859375
2024/5/21,GLD,224.22999572753906
2024/5/22,GLD,220.11000061035156
2024/5/23,GLD,215.72000122070312
2024/5/24,GLD,215.9199981689453
2024/5/28,GLD,218.19000244140625
2024/5/29,GLD,216.16000366210938
2024/5/30,GLD,216.57000732421875
2024/5/31,GLD,215.3000030517578
2024/6/3,GLD,217.22000122070312
2024/6/4,GLD,215.27000427246094
2024/6/5,GLD,217.82000732421875
2024/6/6,GLD,219.42999267578125
2024/6/7,GLD,211.60000610351562
2024/6/10,GLD,213.5399932861328
2024/6/11,GLD,214.14999389648438
2024/6/12,GLD,214.72000122070312
2024/6/13,GLD,212.97000122070312
2024/6/14,GLD,215.72999572753906
2024/6/17,GLD,214.61000061035156
2024/6/18,GLD,215.47000122070312
2024/6/20,GLD,218.16000366210938
2024/6/21,GLD,214.77999877929688
2024/6/24,GLD,215.6300048828125
2024/6/25,GLD,214.55999755859375
2024/6/26,GLD,212.5800018310547
2024/6/27,GLD,214.99000549316406
2024/6/28,GLD,215.00999450683594
2024/7/1,GLD,215.57000732421875
2024/7/2,GLD,215.55999755859375
2024/7/3,GLD,217.99000549316406
2024/7/5,GLD,220.92999267578125
2024/7/8,GLD,218.19000244140625
2024/7/9,GLD,218.55999755859375
2024/7/10,GLD,219.36000061035156
2024/7/11,GLD,223.25
2024/7/12,GLD,223.11000061035156
2024/7/15,GLD,223.8300018310547
2024/7/16,GLD,228.2899932861328
2024/7/17,GLD,227.22999572753906
2024/7/18,GLD,225.77999877929688
2024/7/19,GLD,221.72999572753906
2024/7/22,GLD,221.8000030517578
2024/7/23,GLD,222.5800018310547
2024/7/24,GLD,221.8000030517578
2024/7/25,GLD,218.3300018310547
2024/7/26,GLD,220.6300048828125
2024/7/29,GLD,220.32000732421875
2024/7/30,GLD,222.52000427246094
2024/7/31,GLD,226.5500030517578
2024/8/1,GLD,225.77000427246094
2024/8/2,GLD,225.33999633789062
2024/8/5,GLD,222.47999572753906
2024/8/6,GLD,220.6999969482422
2024/8/7,GLD,220.5500030517578
2024/8/8,GLD,224.00999450683594
2024/8/9,GLD,224.55999755859375
2024/8/12,GLD,228.41000366210938
2024/8/13,GLD,228.05999755859375
2024/8/14,GLD,226.1999969482422
2024/8/15,GLD,226.91000366210938
2024/8/16,GLD,231.99000549316406
2024/8/19,GLD,231.61000061035156
2024/8/20,GLD,232.4600067138672
2024/8/21,GLD,232.14999389648438
2024/8/22,GLD,229.3699951171875
2024/8/23,GLD,232.02000427246094
2024/8/26,GLD,232.75999450683594
2024/8/27,GLD,233.38999938964844
2024/8/28,GLD,231.75
2024/8/29,GLD,232.9499969482422
2024/8/30,GLD,231.2899932861328
2024/9/3,GLD,230.2899932861328
2024/9/4,GLD,230.42999267578125
2024/9/5,GLD,232.35000610351562
2024/9/6,GLD,230.6300048828125
2024/9/9,GLD,231.60000610351562
2024/9/10,GLD,232.6199951171875
2024/9/11,GLD,232.25
2024/9/12,GLD,236.3300018310547
2024/9/13,GLD,238.67999267578125
2024/9/16,GLD,238.66000366210938
2024/9/17,GLD,237.33999633789062
2024/9/18,GLD,235.50999450683594
2024/9/19,GLD,239.1699981689453
2024/9/20,GLD,242.2100067138672
2024/9/23,GLD,242.67999267578125
2024/9/24,GLD,246.07000732421875
2024/9/25,GLD,245.72999572753906
2024/9/26,GLD,246.97999572753906
2024/9/27,GLD,245.02000427246094
2024/9/30,GLD,243.05999755859375
2024/10/1,GLD,245.61000061035156
2024/10/2,GLD,245.66000366210938
2024/10/3,GLD,245.49000549316406
2024/10/4,GLD,245
2024/10/7,GLD,244.1699981689453
2024/10/8,GLD,242.3699951171875
2024/10/9,GLD,241.0500030517578
2024/10/10,GLD,242.82000732421875
2024/10/11,GLD,245.47000122070312
2024/10/14,GLD,245.07000732421875
2024/10/15,GLD,245.9199981689453
2024/10/16,GLD,247.14999389648438
2024/10/17,GLD,248.6300048828125
2024/10/18,GLD,251.27000427246094
2024/10/21,GLD,251.22000122070312
2024/10/22,GLD,253.92999267578125
2024/10/23,GLD,250.8699951171875
2024/10/24,GLD,252.8000030517578
2024/10/25,GLD,253.32000732421875
2024/10/28,GLD,253.3300018310547
2024/10/29,GLD,256.0899963378906
2024/10/30,GLD,257.5
2024/10/31,GLD,253.50999450683594
2024/11/1,GLD,252.47000122070312
2024/11/4,GLD,252.8300018310547
2024/11/5,GLD,253.39999389648438
2024/11/6,GLD,245.6999969482422
2024/11/7,GLD,249.64999389648438
2024/11/8,GLD,247.9600067138672
2024/11/11,GLD,242.13999938964844
2024/11/12,GLD,240.0500030517578
2024/11/13,GLD,237.6300048828125
2024/11/14,GLD,237.00999450683594
2024/11/15,GLD,236.58999633789062
2024/11/18,GLD,241.08999633789062
2024/11/19,GLD,243.25
2024/11/20,GLD,244.6199951171875
2024/11/21,GLD,246.66000366210938
2024/11/22,GLD,249.83999633789062
2024/11/25,GLD,242.47999572753906
2024/11/26,GLD,242.9499969482422
2024/11/27,GLD,243.49000549316406
2024/11/29,GLD,245.58999633789062
2024/12/2,GLD,243.44000244140625
2024/12/3,GLD,243.92999267578125
2024/12/4,GLD,244.6699981689453
2024/12/5,GLD,242.86000061035156
2024/12/6,GLD,242.9499969482422
2024/12/9,GLD,245.36000061035156
2024/12/10,GLD,248.58999633789062
2024/12/11,GLD,250.9600067138672
2024/12/12,GLD,247.27999877929688
2024/12/13,GLD,244.2899932861328
2024/12/16,GLD,244.8800048828125
2024/12/17,GLD,243.94000244140625
2024/12/18,GLD,239.25999450683594
2024/12/19,GLD,239.60000610351562
2024/12/20,GLD,242.10000610351562
2024/12/23,GLD,240.9600067138672
2024/12/24,GLD,241.44000244140625
2024/12/26,GLD,243.07000732421875
2024/12/27,GLD,241.39999389648438
2024/12/30,GLD,240.6300048828125
2024/12/31,GLD,242.1300048828125
2025/1/2,GLD,245.4199981689453
2025/1/3,GLD,243.49000549316406
2025/1/6,GLD,243.19000244140625
2025/1/7,GLD,244.55999755859375
2025/1/8,GLD,245.86000061035156
2025/1/10,GLD,248.2100067138672
2025/1/13,GLD,245.74000549316406
2025/1/14,GLD,247.02999877929688
2025/1/15,GLD,248.8800048828125
2025/1/16,GLD,250.60000610351562
2025/1/17,GLD,249.27000427246094
2025/1/21,GLD,253.1300048828125
2025/1/22,GLD,254.42999267578125
2025/1/23,GLD,254.07000732421875
2025/1/24,GLD,255.64999389648438
2025/1/27,GLD,252.99000549316406
2025/1/28,GLD,255.17999267578125
2025/1/29,GLD,254.1999969482422
2025/1/30,GLD,258.04998779296875
2025/1/31,GLD,258.55999755859375
2025/2/3,GLD,259.94000244140625
2025/2/4,GLD,262.5
2025/2/5,GLD,264.1300048828125
2025/2/6,GLD,263.42999267578125
2025/2/7,GLD,263.8999938964844
2025/2/10,GLD,268.3699951171875
2025/2/11,GLD,267.3900146484375
2025/2/12,GLD,267.6700134277344
2025/2/13,GLD,270.30999755859375
2025/2/14,GLD,266.2900085449219
2025/2/18,GLD,270.70001220703125
2025/2/19,GLD,270.8500061035156
2025/2/20,GLD,270.989990234375
2025/2/21,GLD,270.739990234375
2025/2/24,GLD,272.2099914550781
2025/2/25,GLD,268.6199951171875
2025/2/26,GLD,269.0299987792969
2025/2/27,GLD,264.92999267578125
2025/2/28,GLD,263.2699890136719
2025/3/3,GLD,266.739990234375
2025/3/4,GLD,269.05999755859375
2025/3/5,GLD,269.6199951171875
2025/3/6,GLD,268.25
2025/3/7,GLD,268.3900146484375
2025/3/10,GLD,266.0400085449219
2025/3/11,GLD,269.1600036621094
2025/3/12,GLD,270.3299865722656
2025/3/13,GLD,275.1300048828125
2025/3/14,GLD,275.239990234375
2025/3/17,GLD,276.7300109863281
2025/3/18,GLD,279.9599914550781
2025/3/19,GLD,281.1099853515625
2025/3/20,GLD,280.75
2025/3/21,GLD,278.489990234375
2025/3/24,GLD,277.25
2025/3/25,GLD,278.4700012207031
2025/3/26,GLD,278.239990234375
2025/3/27,GLD,281.9700012207031
2025/3/28,GLD,284.05999755859375
2025/3/31,GLD,288.1400146484375
2025/4/1,GLD,287.57000732421875
2025/4/2,GLD,288.1600036621094
2025/4/3,GLD,286.4200134277344
2025/4/4,GLD,279.7200012207031
2025/4/7,GLD,273.7099914550781
2025/4/8,GLD,275.20001220703125
2025/4/9,GLD,285.3800048828125
2025/4/10,GLD,292.3500061035156
2025/4/11,GLD,297.92999267578125
2025/4/14,GLD,296.2300109863281
2025/4/15,GLD,297.7799987792969
2025/4/16,GLD,307.4700012207031
2025/4/17,GLD,306.1199951171875
2024/4/22,NFLX,554.5999755859375
2024/4/23,NFLX,577.75
2024/4/24,NFLX,555.1199951171875
2024/4/25,NFLX,564.7999877929688
2024/4/26,NFLX,561.22998046875
2024/4/29,NFLX,559.489990234375
2024/4/30,NFLX,550.6400146484375
2024/5/1,NFLX,551.7100219726562
2024/5/2,NFLX,565.1500244140625
2024/5/3,NFLX,579.3400268554688
2024/5/6,NFLX,596.969970703125
2024/5/7,NFLX,606
2024/5/8,NFLX,609.469970703125
2024/5/9,NFLX,612.0900268554688
2024/5/10,NFLX,610.8699951171875
2024/5/13,NFLX,616.5900268554688
2024/5/14,NFLX,613.6599731445312
2024/5/15,NFLX,613.52001953125
2024/5/16,NFLX,610.52001953125
2024/5/17,NFLX,621.0999755859375
2024/5/20,NFLX,640.8200073242188
2024/5/21,NFLX,650.6099853515625
2024/5/22,NFLX,640.469970703125
2024/5/23,NFLX,635.6699829101562
2024/5/24,NFLX,646.75
2024/5/28,NFLX,649
2024/5/29,NFLX,654.6199951171875
2024/5/30,NFLX,647.6599731445312
2024/5/31,NFLX,641.6199951171875
2024/6/3,NFLX,633.7899780273438
2024/6/4,NFLX,631.6199951171875
2024/6/5,NFLX,650.27001953125
2024/6/6,NFLX,648.52001953125
2024/6/7,NFLX,641.469970703125
2024/6/10,NFLX,644.5
2024/6/11,NFLX,648.5499877929688
2024/6/12,NFLX,650.0599975585938
2024/6/13,NFLX,653.260009765625
2024/6/14,NFLX,669.3800048828125
2024/6/17,NFLX,675.8300170898438
2024/6/18,NFLX,685.6699829101562
2024/6/20,NFLX,679.030029296875
2024/6/21,NFLX,686.1199951171875
2024/6/24,NFLX,669.02001953125
2024/6/25,NFLX,672.4099731445312
2024/6/26,NFLX,677.6900024414062
2024/6/27,NFLX,684.3400268554688
2024/6/28,NFLX,674.8800048828125
2024/7/1,NFLX,673.6099853515625
2024/7/2,NFLX,679.5800170898438
2024/7/3,NFLX,682.510009765625
2024/7/5,NFLX,690.6500244140625
2024/7/8,NFLX,685.739990234375
2024/7/9,NFLX,685.739990234375
2024/7/10,NFLX,677.6500244140625
2024/7/11,NFLX,652.75
2024/7/12,NFLX,647.5999755859375
2024/7/15,NFLX,656.4500122070312
2024/7/16,NFLX,656.3200073242188
2024/7/17,NFLX,647.4600219726562
2024/7/18,NFLX,643.0399780273438
2024/7/19,NFLX,633.3400268554688
2024/7/22,NFLX,647.5
2024/7/23,NFLX,642.760009765625
2024/7/24,NFLX,635.989990234375
2024/7/25,NFLX,634.0900268554688
2024/7/26,NFLX,631.3699951171875
2024/7/29,NFLX,626.9600219726562
2024/7/30,NFLX,622.5800170898438
2024/7/31,NFLX,628.3499755859375
2024/8/1,NFLX,624.8499755859375
2024/8/2,NFLX,613.6400146484375
2024/8/5,NFLX,598.5499877929688
2024/8/6,NFLX,609.5700073242188
2024/8/7,NFLX,611.47998046875
2024/8/8,NFLX,630.3499755859375
2024/8/9,NFLX,633.9400024414062
2024/8/12,NFLX,633.1400146484375
2024/8/13,NFLX,648.02001953125
2024/8/14,NFLX,661.6799926757812
2024/8/15,NFLX,663.219970703125
2024/8/16,NFLX,674.0700073242188
2024/8/19,NFLX,688.530029296875
2024/8/20,NFLX,698.5399780273438
2024/8/21,NFLX,697.1199951171875
2024/8/22,NFLX,688.9600219726562
2024/8/23,NFLX,686.72998046875
2024/8/26,NFLX,688.4400024414062
2024/8/27,NFLX,695.719970703125
2024/8/28,NFLX,683.8400268554688
2024/8/29,NFLX,692.47998046875
2024/8/30,NFLX,701.3499755859375
2024/9/3,NFLX,675.3200073242188
2024/9/4,NFLX,679.6799926757812
2024/9/5,NFLX,683.6199951171875
2024/9/6,NFLX,665.77001953125
2024/9/9,NFLX,675.4199829101562
2024/9/10,NFLX,673.6199951171875
2024/9/11,NFLX,681.469970703125
2024/9/12,NFLX,686.7999877929688
2024/9/13,NFLX,697.0599975585938
2024/9/16,NFLX,696.5
2024/9/17,NFLX,706.9099731445312
2024/9/18,NFLX,690.469970703125
2024/9/19,NFLX,704.3200073242188
2024/9/20,NFLX,701.030029296875
2024/9/23,NFLX,705.3699951171875
2024/9/24,NFLX,722.260009765625
2024/9/25,NFLX,721.5599975585938
2024/9/26,NFLX,711.4299926757812
2024/9/27,NFLX,707.3499755859375
2024/9/30,NFLX,709.27001953125
2024/10/1,NFLX,706.1300048828125
2024/10/2,NFLX,711.0900268554688
2024/10/3,NFLX,706.7999877929688
2024/10/4,NFLX,719.7000122070312
2024/10/7,NFLX,701.9199829101562
2024/10/8,NFLX,721.760009765625
2024/10/9,NFLX,727.4299926757812
2024/10/10,NFLX,730.2899780273438
2024/10/11,NFLX,722.7899780273438
2024/10/14,NFLX,713
2024/10/15,NFLX,705.97998046875
2024/10/16,NFLX,702
2024/10/17,NFLX,687.6500244140625
2024/10/18,NFLX,763.8900146484375
2024/10/21,NFLX,772.0700073242188
2024/10/22,NFLX,764.239990234375
2024/10/23,NFLX,749.2899780273438
2024/10/24,NFLX,754.5499877929688
2024/10/25,NFLX,754.6799926757812
2024/10/28,NFLX,749.1199951171875
2024/10/29,NFLX,759.4400024414062
2024/10/30,NFLX,753.739990234375
2024/10/31,NFLX,756.030029296875
2024/11/1,NFLX,756.0999755859375
2024/11/4,NFLX,755.510009765625
2024/11/5,NFLX,763.9099731445312
2024/11/6,NFLX,780.2100219726562
2024/11/7,NFLX,796.5399780273438
2024/11/8,NFLX,795.0399780273438
2024/11/11,NFLX,805.4400024414062
2024/11/12,NFLX,819.5
2024/11/13,NFLX,830.469970703125
2024/11/14,NFLX,837.260009765625
2024/11/15,NFLX,823.9600219726562
2024/11/18,NFLX,847.0499877929688
2024/11/19,NFLX,871.3200073242188
2024/11/20,NFLX,883.8499755859375
2024/11/21,NFLX,897.47998046875
2024/11/22,NFLX,897.7899780273438
2024/11/25,NFLX,865.5900268554688
2024/11/26,NFLX,872.5999755859375
2024/11/27,NFLX,877.3400268554688
2024/11/29,NFLX,886.8099975585938
2024/12/2,NFLX,897.739990234375
2024/12/3,NFLX,902.1699829101562
2024/12/4,NFLX,911.0599975585938
2024/12/5,NFLX,917.8699951171875
2024/12/6,NFLX,934.739990234375
2024/12/9,NFLX,913.6900024414062
2024/12/10,NFLX,913.3499755859375
2024/12/11,NFLX,936.5599975585938
2024/12/12,NFLX,925.5499877929688
2024/12/13,NFLX,918.8699951171875
2024/12/16,NFLX,921.0800170898438
2024/12/17,NFLX,919.1300048828125
2024/12/18,NFLX,889.5499877929688
2024/12/19,NFLX,902.0399780273438
2024/12/20,NFLX,909.0499877929688
2024/12/23,NFLX,911.4500122070312
2024/12/24,NFLX,932.1199951171875
2024/12/26,NFLX,924.1400146484375
2024/12/27,NFLX,907.5499877929688
2024/12/30,NFLX,900.4299926757812
2024/12/31,NFLX,891.3200073242188
2025/1/2,NFLX,886.72998046875
2025/1/3,NFLX,881.0499877929688
2025/1/6,NFLX,881.7899780273438
2025/1/7,NFLX,879.1900024414062
2025/1/8,NFLX,875
2025/1/10,NFLX,837.6900024414062
2025/1/13,NFLX,840.2899780273438
2025/1/14,NFLX,828.4000244140625
2025/1/15,NFLX,848.260009765625
2025/1/16,NFLX,842.3699951171875
2025/1/17,NFLX,858.0999755859375
2025/1/21,NFLX,869.6799926757812
2025/1/22,NFLX,953.989990234375
2025/1/23,NFLX,984.8599853515625
2025/1/24,NFLX,977.5900268554688
2025/1/27,NFLX,971.8900146484375
2025/1/28,NFLX,971.8300170898438
2025/1/29,NFLX,978.1500244140625
2025/1/30,NFLX,973.239990234375
2025/1/31,NFLX,976.760009765625
2025/2/3,NFLX,978.9400024414062
2025/2/4,NFLX,994.8699951171875
2025/2/5,NFLX,1011.1099853515625
2025/2/6,NFLX,1015.6799926757812
2025/2/7,NFLX,1013.9299926757812
2025/2/10,NFLX,1027.5999755859375
2025/2/11,NFLX,1008.0800170898438
2025/2/12,NFLX,1027.31005859375
2025/2/13,NFLX,1043.68994140625
2025/2/14,NFLX,1058.5999755859375
2025/2/18,NFLX,1035.8499755859375
2025/2/19,NFLX,1043.3299560546875
2025/2/20,NFLX,1024.5400390625
2025/2/21,NFLX,1003.1500244140625
2025/2/24,NFLX,988.469970703125
2025/2/25,NFLX,977.239990234375
2025/2/26,NFLX,990.0599975585938
2025/2/27,NFLX,963.0700073242188
2025/2/28,NFLX,980.5599975585938
2025/3/3,NFLX,973.7000122070312
2025/3/4,NFLX,972.5800170898438
2025/3/5,NFLX,990.9199829101562
2025/3/6,NFLX,906.3599853515625
2025/3/7,NFLX,891.1099853515625
2025/3/10,NFLX,866.6799926757812
2025/3/11,NFLX,895.0999755859375
2025/3/12,NFLX,919.6799926757812
2025/3/13,NFLX,890.1699829101562
2025/3/14,NFLX,918
2025/3/17,NFLX,950.02001953125
2025/3/18,NFLX,929.97998046875
2025/3/19,NFLX,959.489990234375
2025/3/20,NFLX,950.8400268554688
2025/3/21,NFLX,960.2899780273438
2025/3/24,NFLX,971.989990234375
2025/3/25,NFLX,997.280029296875
2025/3/26,NFLX,970.6500244140625
2025/3/27,NFLX,976.719970703125
2025/3/28,NFLX,933.8499755859375
2025/3/31,NFLX,932.530029296875
2025/4/1,NFLX,928.3800048828125
2025/4/2,NFLX,935.52001953125
2025/4/3,NFLX,917.0499877929688
2025/4/4,NFLX,855.8599853515625
2025/4/7,NFLX,867.8300170898438
2025/4/8,NFLX,870.4000244140625
2025/4/9,NFLX,945.469970703125
2025/4/10,NFLX,921.1699829101562
2025/4/11,NFLX,918.2899780273438
2025/4/14,NFLX,931.280029296875
2025/4/15,NFLX,976.280029296875
2025/4/16,NFLX,961.6300048828125
2025/4/17,NFLX,973.030029296875
2024/4/22,NOW,721.9500122070312
2024/4/23,NOW,740.9500122070312
2024/4/24,NOW,746.2899780273438
2024/4/25,NOW,716.25
2024/4/26,NOW,723.5499877929688
2024/4/29,NOW,721.1599731445312
2024/4/30,NOW,693.3300170898438
2024/5/1,NOW,685.6099853515625
2024/5/2,NOW,695.719970703125
2024/5/3,NOW,716.6500244140625
2024/5/6,NOW,726.5599975585938
2024/5/7,NOW,713.3300170898438
2024/5/8,NOW,721.030029296875
2024/5/9,NOW,722.9400024414062
2024/5/10,NOW,729.7899780273438
2024/5/13,NOW,730.1199951171875
2024/5/14,NOW,721.6199951171875
2024/5/15,NOW,760.5700073242188
2024/5/16,NOW,758.010009765625
2024/5/17,NOW,765.0499877929688
2024/5/20,NOW,774.1799926757812
2024/5/21,NOW,777.0499877929688
2024/5/22,NOW,770.8300170898438
2024/5/23,NOW,758.1500244140625
2024/5/24,NOW,738.510009765625
2024/5/28,NOW,728.8599853515625
2024/5/29,NOW,731.1199951171875
2024/5/30,NOW,643.2899780273438
2024/5/31,NOW,656.9299926757812
2024/6/3,NOW,660.1099853515625
2024/6/4,NOW,672
2024/6/5,NOW,704.1099853515625
2024/6/6,NOW,703.1599731445312
2024/6/7,NOW,698.8099975585938
2024/6/10,NOW,709.1500244140625
2024/6/11,NOW,712.0399780273438
2024/6/12,NOW,721.5
2024/6/13,NOW,709.760009765625
2024/6/14,NOW,728.5800170898438
2024/6/17,NOW,725.5
2024/6/18,NOW,730.1699829101562
2024/6/20,NOW,734.3099975585938
2024/6/21,NOW,749.3300170898438
2024/6/24,NOW,739.5900268554688
2024/6/25,NOW,754.8099975585938
2024/6/26,NOW,753.9099731445312
2024/6/27,NOW,774.1300048828125
2024/6/28,NOW,786.6699829101562
2024/7/1,NOW,788.9600219726562
2024/7/2,NOW,794.1099853515625
2024/7/3,NOW,785.9199829101562
2024/7/5,NOW,806.469970703125
2024/7/8,NOW,766.2000122070312
2024/7/9,NOW,744.010009765625
2024/7/10,NOW,743.1500244140625
2024/7/11,NOW,749.1400146484375
2024/7/12,NOW,758.489990234375
2024/7/15,NOW,767.8499755859375
2024/7/16,NOW,760.7899780273438
2024/7/17,NOW,736.0700073242188
2024/7/18,NOW,738.77001953125
2024/7/19,NOW,751.2000122070312
2024/7/22,NOW,756.5
2024/7/23,NOW,765.52001953125
2024/7/24,NOW,730.8699951171875
2024/7/25,NOW,828.7899780273438
2024/7/26,NOW,827.6099853515625
2024/7/29,NOW,799.0599975585938
2024/7/30,NOW,798.7999877929688
2024/7/31,NOW,814.3900146484375
2024/8/1,NOW,811.3800048828125
2024/8/2,NOW,790.6400146484375
2024/8/5,NOW,781.27001953125
2024/8/6,NOW,792.9500122070312
2024/8/7,NOW,776.280029296875
2024/8/8,NOW,796.1400146484375
2024/8/9,NOW,811.0800170898438
2024/8/12,NOW,806.6199951171875
2024/8/13,NOW,818.7999877929688
2024/8/14,NOW,819.02001953125
2024/8/15,NOW,832.1099853515625
2024/8/16,NOW,827.5599975585938
2024/8/19,NOW,832.8800048828125
2024/8/20,NOW,838.219970703125
2024/8/21,NOW,839.1799926757812
2024/8/22,NOW,820.9299926757812
2024/8/23,NOW,828.27001953125
2024/8/26,NOW,827.8599853515625
2024/8/27,NOW,831.739990234375
2024/8/28,NOW,814.1099853515625
2024/8/29,NOW,831.27001953125
2024/8/30,NOW,855
2024/9/3,NOW,835.8599853515625
2024/9/4,NOW,834.8300170898438
2024/9/5,NOW,835.4000244140625
2024/9/6,NOW,825.0399780273438
2024/9/9,NOW,855.5800170898438
2024/9/10,NOW,860.1500244140625
2024/9/11,NOW,875.9600219726562
2024/9/12,NOW,886.1300048828125
2024/9/13,NOW,878.9500122070312
2024/9/16,NOW,892.4600219726562
2024/9/17,NOW,885.8300170898438
2024/9/18,NOW,890.3900146484375
2024/9/19,NOW,919.25
2024/9/20,NOW,937.3599853515625
2024/9/23,NOW,925.5499877929688
2024/9/24,NOW,923.5999755859375
2024/9/25,NOW,890.030029296875
2024/9/26,NOW,884.8599853515625
2024/9/27,NOW,881.7899780273438
2024/9/30,NOW,894.3900146484375
2024/10/1,NOW,867.1799926757812
2024/10/2,NOW,880.4099731445312
2024/10/3,NOW,890.6400146484375
2024/10/4,NOW,917.6799926757812
2024/10/7,NOW,905.9400024414062
2024/10/8,NOW,922
2024/10/9,NOW,938.6500244140625
2024/10/10,NOW,944.6300048828125
2024/10/11,NOW,938.5900268554688
2024/10/14,NOW,944.6900024414062
2024/10/15,NOW,927.9600219726562
2024/10/16,NOW,918.8699951171875
2024/10/17,NOW,917.1199951171875
2024/10/18,NOW,921.75
2024/10/21,NOW,918.3400268554688
2024/10/22,NOW,917.9500122070312
2024/10/23,NOW,907.6799926757812
2024/10/24,NOW,956.5800170898438
2024/10/25,NOW,950.8499755859375
2024/10/28,NOW,945
2024/10/29,NOW,953.0800170898438
2024/10/30,NOW,950
2024/10/31,NOW,932.989990234375
2024/11/1,NOW,943.4099731445312
2024/11/4,NOW,954.5900268554688
2024/11/5,NOW,971.0399780273438
2024/11/6,NOW,994.47998046875
2024/11/7,NOW,1015.280029296875
2024/11/8,NOW,1008.0800170898438
2024/11/11,NOW,1036.010009765625
2024/11/12,NOW,1048.2900390625
2024/11/13,NOW,1045.550048828125
2024/11/14,NOW,1039.800048828125
2024/11/15,NOW,1011.3900146484375
2024/11/18,NOW,1005.3400268554688
2024/11/19,NOW,1022.0999755859375
2024/11/20,NOW,1022.97998046875
2024/11/21,NOW,1047.050048828125
2024/11/22,NOW,1060.5999755859375
2024/11/25,NOW,1052.7099609375
2024/11/26,NOW,1070.0699462890625
2024/11/27,NOW,1041.4000244140625
2024/11/29,NOW,1049.43994140625
2024/12/2,NOW,1048.4300537109375
2024/12/3,NOW,1057.3199462890625
2024/12/4,NOW,1123.1300048828125
2024/12/5,NOW,1123.719970703125
2024/12/6,NOW,1124.3399658203125
2024/12/9,NOW,1120.47998046875
2024/12/10,NOW,1127.8399658203125
2024/12/11,NOW,1147.1800537109375
2024/12/12,NOW,1148.4200439453125
2024/12/13,NOW,1121.0999755859375
2024/12/16,NOW,1129.9300537109375
2024/12/17,NOW,1114.719970703125
2024/12/18,NOW,1060.989990234375
2024/12/19,NOW,1074.8699951171875
2024/12/20,NOW,1091.25
2024/12/23,NOW,1088.260009765625
2024/12/24,NOW,1105.56005859375
2024/12/26,NOW,1099.1099853515625
2024/12/27,NOW,1081.4599609375
2024/12/30,NOW,1067.699951171875
2024/12/31,NOW,1060.1199951171875
2025/1/2,NOW,1054.3399658203125
2025/1/3,NOW,1073.77001953125
2025/1/6,NOW,1077.050048828125
2025/1/7,NOW,1054.1500244140625
2025/1/8,NOW,1049.0799560546875
2025/1/10,NOW,1024.5699462890625
2025/1/13,NOW,1015.739990234375
2025/1/14,NOW,1031.2900390625
2025/1/15,NOW,1054.1300048828125
2025/1/16,NOW,1057.1600341796875
2025/1/17,NOW,1071.47998046875
2025/1/21,NOW,1096.8499755859375
2025/1/22,NOW,1125.1700439453125
2025/1/23,NOW,1134.199951171875
2025/1/24,NOW,1124.97998046875
2025/1/27,NOW,1140.6199951171875
2025/1/28,NOW,1170.3900146484375
2025/1/29,NOW,1143.6300048828125
2025/1/30,NOW,1012.75
2025/1/31,NOW,1018.3800048828125
2025/2/3,NOW,1020.9400024414062
2025/2/4,NOW,1010.1300048828125
2025/2/5,NOW,1027.06005859375
2025/2/6,NOW,1023.2999877929688
2025/2/7,NOW,1008.2899780273438
2025/2/10,NOW,1021.8099975585938
2025/2/11,NOW,1009.0499877929688
2025/2/12,NOW,982.4000244140625
2025/2/13,NOW,989.47998046875
2025/2/14,NOW,986.6300048828125
2025/2/18,NOW,997.47998046875
2025/2/19,NOW,987.1400146484375
2025/2/20,NOW,967.97998046875
2025/2/21,NOW,938.4099731445312
2025/2/24,NOW,927.5800170898438
2025/2/25,NOW,922.2899780273438
2025/2/26,NOW,941.9600219726562
2025/2/27,NOW,920.9600219726562
2025/2/28,NOW,929.760009765625
2025/3/3,NOW,910.3099975585938
2025/3/4,NOW,906.0900268554688
2025/3/5,NOW,915.7899780273438
2025/3/6,NOW,867.0900268554688
2025/3/7,NOW,850.6300048828125
2025/3/10,NOW,783.8300170898438
2025/3/11,NOW,808.4000244140625
2025/3/12,NOW,843.1400146484375
2025/3/13,NOW,811.6199951171875
2025/3/14,NOW,844.3300170898438
2025/3/17,NOW,842.9299926757812
2025/3/18,NOW,830
2025/3/19,NOW,844.1199951171875
2025/3/20,NOW,824.1199951171875
2025/3/21,NOW,827.75
2025/3/24,NOW,849.72998046875
2025/3/25,NOW,861.3800048828125
2025/3/26,NOW,838.5499877929688
2025/3/27,NOW,827.739990234375
2025/3/28,NOW,797.760009765625
2025/3/31,NOW,796.1400146484375
2025/4/1,NOW,811.5599975585938
2025/4/2,NOW,824.030029296875
2025/4/3,NOW,774.0700073242188
2025/4/4,NOW,721.6500244140625
2025/4/7,NOW,735.5
2025/4/8,NOW,727.5999755859375
2025/4/9,NOW,825.9500122070312
2025/4/10,NOW,783.489990234375
2025/4/11,NOW,785.6699829101562
2025/4/14,NOW,799.8200073242188
2025/4/15,NOW,816.5
2025/4/16,NOW,796.6599731445312
2025/4/17,NOW,772.1599731445312
2024/4/22,NVDA,79.49187469482422
2024/4/23,NVDA,82.39591979980469
2024/4/24,NVDA,79.65083312988281
2024/4/25,NVDA,82.60486602783203
2024/4/26,NVDA,87.7061767578125
2024/4/29,NVDA,87.7281723022461
2024/4/30,NVDA,86.37361145019531
2024/5/1,NVDA,83.01371765136719
2024/5/2,NVDA,85.78881072998047
2024/5/3,NVDA,88.75983428955078
2024/5/6,NVDA,92.10972595214844
2024/5/7,NVDA,90.52424621582031
2024/5/8,NVDA,90.3823013305664
2024/5/9,NVDA,88.71784973144531
2024/5/10,NVDA,89.84847259521484
2024/5/13,NVDA,90.36930847167969
2024/5/14,NVDA,91.32599639892578
2024/5/15,NVDA,94.59890747070312
2024/5/16,NVDA,94.3280029296875
2024/5/17,NVDA,92.44861602783203
2024/5/20,NVDA,94.74886322021484
2024/5/21,NVDA,95.35466766357422
2024/5/22,NVDA,94.91880798339844
2024/5/23,NVDA,103.76490783691406
2024/5/24,NVDA,106.43402862548828
2024/5/28,NVDA,113.86358642578125
2024/5/29,NVDA,114.78727722167969
2024/5/30,NVDA,110.46369934082031
2024/5/31,NVDA,109.59698486328125
2024/6/3,NVDA,114.96222686767578
2024/6/4,NVDA,116.39875030517578
2024/6/5,NVDA,122.39977264404297
2024/6/6,NVDA,120.958251953125
2024/6/7,NVDA,120.8482894897461
2024/6/10,NVDA,121.74999237060547
2024/6/11,NVDA,120.88021087646484
2024/6/12,NVDA,125.16915130615234
2024/6/13,NVDA,129.5780792236328
2024/6/14,NVDA,131.84751892089844
2024/6/17,NVDA,130.94773864746094
2024/6/18,NVDA,135.54660034179688
2024/6/20,NVDA,130.74778747558594
2024/6/21,NVDA,126.53881072998047
2024/6/24,NVDA,118.08090209960938
2024/6/25,NVDA,126.05892944335938
2024/6/26,NVDA,126.36885833740234
2024/6/27,NVDA,123.95944213867188
2024/6/28,NVDA,123.50955963134766
2024/7/1,NVDA,124.2693862915039
2024/7/2,NVDA,122.6397705078125
2024/7/3,NVDA,128.24839782714844
2024/7/5,NVDA,125.79899597167969
2024/7/8,NVDA,128.16839599609375
2024/7/9,NVDA,131.34764099121094
2024/7/10,NVDA,134.87677001953125
2024/7/11,NVDA,127.36861419677734
2024/7/12,NVDA,129.2081756591797
2024/7/15,NVDA,128.40835571289062
2024/7/16,NVDA,126.32887268066406
2024/7/17,NVDA,117.96092987060547
2024/7/18,NVDA,121.06016540527344
2024/7/19,NVDA,117.90093994140625
2024/7/22,NVDA,123.50955963134766
2024/7/23,NVDA,122.5597915649414
2024/7/24,NVDA,114.22184753417969
2024/7/25,NVDA,112.25232696533203
2024/7/26,NVDA,113.03214263916016
2024/7/29,NVDA,111.5625
2024/7/30,NVDA,103.7044448852539
2024/7/31,NVDA,116.99115753173828
2024/8/1,NVDA,109.18309783935547
2024/8/2,NVDA,107.24356842041016
2024/8/5,NVDA,100.42524719238281
2024/8/6,NVDA,104.22431182861328
2024/8/7,NVDA,98.88563537597656
2024/8/8,NVDA,104.94413757324219
2024/8/9,NVDA,104.72418975830078
2024/8/12,NVDA,108.9931411743164
2024/8/13,NVDA,116.11138153076172
2024/8/14,NVDA,118.05091094970703
2024/8/15,NVDA,122.8297348022461
2024/8/16,NVDA,124.54930114746094
2024/8/19,NVDA,129.96795654296875
2024/8/20,NVDA,127.2186508178711
2024/8/21,NVDA,128.4683380126953
2024/8/22,NVDA,123.70951080322266
2024/8/23,NVDA,129.33811950683594
2024/8/26,NVDA,126.42884063720703
2024/8/27,NVDA,128.26840209960938
2024/8/28,NVDA,125.57905578613281
2024/8/29,NVDA,117.56101989746094
2024/8/30,NVDA,119.34059143066406
2024/9/3,NVDA,107.973388671875
2024/9/4,NVDA,106.18383026123047
2024/9/5,NVDA,107.18358612060547
2024/9/6,NVDA,102.80465698242188
2024/9/9,NVDA,106.44377136230469
2024/9/10,NVDA,108.0733642578125
2024/9/11,NVDA,116.88119506835938
2024/9/12,NVDA,119.12083435058594
2024/9/13,NVDA,119.0808334350586
2024/9/16,NVDA,116.7612075805664
2024/9/17,NVDA,115.57140350341797
2024/9/18,NVDA,113.35176086425781
2024/9/19,NVDA,117.85104370117188
2024/9/20,NVDA,115.98133850097656
2024/9/23,NVDA,116.24130249023438
2024/9/24,NVDA,120.85055541992188
2024/9/25,NVDA,123.4901351928711
2024/9/26,NVDA,124.02005004882812
2024/9/27,NVDA,121.38047790527344
2024/9/30,NVDA,121.42046356201172
2024/10/1,NVDA,116.9811782836914
2024/10/2,NVDA,118.83087921142578
2024/10/3,NVDA,122.83023834228516
2024/10/4,NVDA,124.89990234375
2024/10/7,NVDA,127.69945526123047
2024/10/8,NVDA,132.86862182617188
2024/10/9,NVDA,132.62864685058594
2024/10/10,NVDA,134.78829956054688
2024/10/11,NVDA,134.7783203
2024/10/14,NVDA,138.0478057861328
2024/10/15,NVDA,131.57884216308594
2024/10/16,NVDA,135.6981658935547
2024/10/17,NVDA,136.90797424316406
2024/10/18,NVDA,137.97779846191406
2024/10/21,NVDA,143.6868896484375
2024/10/22,NVDA,143.56690979003906
2024/10/23,NVDA,139.5375518798828
2024/10/24,NVDA,140.38742065429688
2024/10/25,NVDA,141.51722717285156
2024/10/28,NVDA,140.49740600585938
2024/10/29,NVDA,141.22727966308594
2024/10/30,NVDA,139.3175811767578
2024/10/31,NVDA,132.7386474609375
2024/11/1,NVDA,135.3782196044922
2024/11/4,NVDA,136.0281219482422
2024/11/5,NVDA,139.8874969482422
2024/11/6,NVDA,145.58657836914062
2024/11/7,NVDA,148.85606384277344
2024/11/8,NVDA,147.6062469482422
2024/11/11,NVDA,145.2366180419922
2024/11/12,NVDA,148.26612854003906
2024/11/13,NVDA,146.24647521972656
2024/11/14,NVDA,146.7363739013672
2024/11/15,NVDA,141.9571533203125
2024/11/18,NVDA,140.12744140625
2024/11/19,NVDA,146.98634338378906
2024/11/20,NVDA,145.8665313720703
2024/11/21,NVDA,146.6464080810547
2024/11/22,NVDA,141.92715454101562
2024/11/25,NVDA,135.9981231689453
2024/11/26,NVDA,136.89797973632812
2024/11/27,NVDA,135.31822204589844
2024/11/29,NVDA,138.22776794433594
2024/12/2,NVDA,138.60769653320312
2024/12/3,NVDA,140.23744201660156
2024/12/4,NVDA,145.1166534423828
2024/12/5,NVDA,145.04666137695312
2024/12/6,NVDA,142.42689514160156
2024/12/9,NVDA,138.79722595214844
2024/12/10,NVDA,135.05758666992188
2024/12/11,NVDA,139.29718017578125
2024/12/12,NVDA,137.32736206054688
2024/12/13,NVDA,134.23765563964844
2024/12/16,NVDA,131.98785400390625
2024/12/17,NVDA,130.3780059814453
2024/12/18,NVDA,128.8981475830078
2024/12/19,NVDA,130.6679688
2024/12/20,NVDA,134.68760681152344
2024/12/23,NVDA,139.6571502685547
2024/12/24,NVDA,140.2071075439453
2024/12/26,NVDA,139.91712951660156
2024/12/27,NVDA,136.9973907470703
2024/12/30,NVDA,137.47735595703125
2024/12/31,NVDA,134.27764892578125
2025/1/2,NVDA,138.29727172851562
2025/1/3,NVDA,144.4567108154297
2025/1/6,NVDA,149.41624450683594
2025/1/7,NVDA,140.12710571289062
2025/1/8,NVDA,140.0971221923828
2025/1/10,NVDA,135.8975067138672
2025/1/13,NVDA,133.21774291992188
2025/1/14,NVDA,131.7478790283203
2025/1/15,NVDA,136.22747802734375
2025/1/16,NVDA,133.55772399902344
2025/1/17,NVDA,137.6973419189453
2025/1/21,NVDA,140.81704711914062
2025/1/22,NVDA,147.05648803710938
2025/1/23,NVDA,147.2064666748047
2025/1/24,NVDA,142.60687255859375
2025/1/27,NVDA,118.40910339355469
2025/1/28,NVDA,128.9781494140625
2025/1/29,NVDA,123.6886215209961
2025/1/30,NVDA,124.63853454589844
2025/1/31,NVDA,120.0589599609375
2025/2/3,NVDA,116.64927673339844
2025/2/4,NVDA,118.63909149169922
2025/2/5,NVDA,124.81851959228516
2025/2/6,NVDA,128.66815185546875
2025/2/7,NVDA,129.8280487060547
2025/2/10,NVDA,133.55772399902344
2025/2/11,NVDA,132.7877960205078
2025/2/12,NVDA,131.12794494628906
2025/2/13,NVDA,135.27755737304688
2025/2/14,NVDA,138.8372344970703
2025/2/18,NVDA,139.38717651367188
2025/2/19,NVDA,139.21719360351562
2025/2/20,NVDA,140.0971221923828
2025/2/21,NVDA,134.41763305664062
2025/2/24,NVDA,130.2680206298828
2025/2/25,NVDA,126.61835479736328
2025/2/26,NVDA,131.26792907714844
2025/2/27,NVDA,120.13895416259766
2025/2/28,NVDA,124.90850830078125
2025/3/3,NVDA,114.04950714111328
2025/3/4,NVDA,115.97933197021484
2025/3/5,NVDA,117.28921508789062
2025/3/6,NVDA,110.55982971191406
2025/3/7,NVDA,112.67964172363281
2025/3/10,NVDA,106.97016143798828
2025/3/11,NVDA,108.75
2025/3/12,NVDA,115.73999786376953
2025/3/13,NVDA,115.58000183105469
2025/3/14,NVDA,121.66999816894531
2025/3/17,NVDA,119.52999877929688
2025/3/18,NVDA,115.43000030517578
2025/3/19,NVDA,117.5199966430664
2025/3/20,NVDA,118.52999877929688
2025/3/21,NVDA,117.69999694824219
2025/3/24,NVDA,121.41000366210938
2025/3/25,NVDA,120.69000244140625
2025/3/26,NVDA,113.76000213623047
2025/3/27,NVDA,111.43000030517578
2025/3/28,NVDA,109.66999816894531
2025/3/31,NVDA,108.37999725341797
2025/4/1,NVDA,110.1500015258789
2025/4/2,NVDA,110.41999816894531
2025/4/3,NVDA,101.80000305175781
2025/4/4,NVDA,94.30999755859375
2025/4/7,NVDA,97.63999938964844
2025/4/8,NVDA,96.30000305175781
2025/4/9,NVDA,114.33000183105469
2025/4/10,NVDA,107.56999969482422
2025/4/11,NVDA,110.93000030517578
2025/4/14,NVDA,110.70999908447266
2025/4/15,NVDA,112.19999694824219
2025/4/16,NVDA,104.48999786376953
2025/4/17,NVDA,101.48999786376953
2024/4/22,PANW,140.83999633789062
2024/4/23,PANW,146.7449951171875
2024/4/24,PANW,146.91000366210938
2024/4/25,PANW,144.39500427246094
2024/4/26,PANW,145.7100067138672
2024/4/29,PANW,146.7050018310547
2024/4/30,PANW,145.44500732421875
2024/5/1,PANW,143.6699981689453
2024/5/2,PANW,147.66000366210938
2024/5/3,PANW,148.10499572753906
2024/5/6,PANW,150.28500366210938
2024/5/7,PANW,152.75999450683594
2024/5/8,PANW,151.5050048828125
2024/5/9,PANW,147.8350067138672
2024/5/10,PANW,148.73500061035156
2024/5/13,PANW,151.125
2024/5/14,PANW,150.77000427246094
2024/5/15,PANW,156.16000366210938
2024/5/16,PANW,158.38999938964844
2024/5/17,PANW,158.9250030517578
2024/5/20,PANW,161.88499450683594
2024/5/21,PANW,155.8300018310547
2024/5/22,PANW,154.2899932861328
2024/5/23,PANW,155.72000122070312
2024/5/24,PANW,160.8000030517578
2024/5/28,PANW,154.0050048828125
2024/5/29,PANW,153.4499969482422
2024/5/30,PANW,146.58999633789062
2024/5/31,PANW,147.4550018310547
2024/6/3,PANW,147.24000549316406
2024/6/4,PANW,145.0449981689453
2024/6/5,PANW,147.7050018310547
2024/6/6,PANW,147.96499633789062
2024/6/7,PANW,150.9499969482422
2024/6/10,PANW,154.52499389648438
2024/6/11,PANW,156.47500610351562
2024/6/12,PANW,159.89500427246094
2024/6/13,PANW,159.8300018310547
2024/6/14,PANW,158.65499877929688
2024/6/17,PANW,159.7949981689453
2024/6/18,PANW,158.50999450683594
2024/6/20,PANW,155.52000427246094
2024/6/21,PANW,160.1649932861328
2024/6/24,PANW,158.33999633789062
2024/6/25,PANW,161.33999633789062
2024/6/26,PANW,162.6300048828125
2024/6/27,PANW,170.41000366210938
2024/6/28,PANW,169.5050048828125
2024/7/1,PANW,170.4499969482422
2024/7/2,PANW,170.22000122070312
2024/7/3,PANW,170.60000610351562
2024/7/5,PANW,171.0449981689453
2024/7/8,PANW,168.82000732421875
2024/7/9,PANW,168.08999633789062
2024/7/10,PANW,168.52999877929688
2024/7/11,PANW,165.52000427246094
2024/7/12,PANW,168.25
2024/7/15,PANW,170.4550018310547
2024/7/16,PANW,169.25
2024/7/17,PANW,166.07000732421875
2024/7/18,PANW,161.94000244140625
2024/7/19,PANW,165.44500732421875
2024/7/22,PANW,166.85000610351562
2024/7/23,PANW,167.77999877929688
2024/7/24,PANW,162.1199951171875
2024/7/25,PANW,160.06500244140625
2024/7/26,PANW,163.40499877929688
2024/7/29,PANW,161.02999877929688
2024/7/30,PANW,158.7550048828125
2024/7/31,PANW,162.36500549316406
2024/8/1,PANW,157.80999755859375
2024/8/2,PANW,152.8000030517578
2024/8/5,PANW,147.08999633789062
2024/8/6,PANW,150.96499633789062
2024/8/7,PANW,152.10499572753906
2024/8/8,PANW,158.68499755859375
2024/8/9,PANW,165.74000549316406
2024/8/12,PANW,165.5500030517578
2024/8/13,PANW,166.61500549316406
2024/8/14,PANW,169.9550018310547
2024/8/15,PANW,171.63499450683594
2024/8/16,PANW,167.05499267578125
2024/8/19,PANW,171.67999267578125
2024/8/20,PANW,184.0050048828125
2024/8/21,PANW,179.875
2024/8/22,PANW,174.74000549316406
2024/8/23,PANW,175.375
2024/8/26,PANW,173.55999755859375
2024/8/27,PANW,175.09500122070312
2024/8/28,PANW,175.22000122070312
2024/8/29,PANW,179.10499572753906
2024/8/30,PANW,181.36000061035156
2024/9/3,PANW,177.53500366210938
2024/9/4,PANW,173.0749969482422
2024/9/5,PANW,171.8699951171875
2024/9/6,PANW,167.91000366210938
2024/9/9,PANW,172.02499389648438
2024/9/10,PANW,173.7899932861328
2024/9/11,PANW,170.88499450683594
2024/9/12,PANW,172.5800018310547
2024/9/13,PANW,173.4499969482422
2024/9/16,PANW,173.05499267578125
2024/9/17,PANW,168.96499633789062
2024/9/18,PANW,164.875
2024/9/19,PANW,166.8000030517578
2024/9/20,PANW,170.05999755859375
2024/9/23,PANW,172.0850067138672
2024/9/24,PANW,171.75999450683594
2024/9/25,PANW,170.2550048828125
2024/9/26,PANW,169.36500549316406
2024/9/27,PANW,167.875
2024/9/30,PANW,170.89999389648438
2024/10/1,PANW,164.64500427246094
2024/10/2,PANW,166.06500244140625
2024/10/3,PANW,167.97000122070312
2024/10/4,PANW,171.17999267578125
2024/10/7,PANW,168.97000122070312
2024/10/8,PANW,177.56500244140625
2024/10/9,PANW,181.43499755859375
2024/10/10,PANW,184.6999969482422
2024/10/11,PANW,186.60000610351562
2024/10/14,PANW,186.9550018310547
2024/10/15,PANW,187.22000122070312
2024/10/16,PANW,186.61500549316406
2024/10/17,PANW,188.0749969482422
2024/10/18,PANW,187.4149932861328
2024/10/21,PANW,189.2050018310547
2024/10/22,PANW,188.0500030517578
2024/10/23,PANW,179.09500122070312
2024/10/24,PANW,182.2899932861328
2024/10/25,PANW,183.22000122070312
2024/10/28,PANW,181.1750030517578
2024/10/29,PANW,182.69500732421875
2024/10/30,PANW,179.7550048828125
2024/10/31,PANW,180.1649932861328
2024/11/1,PANW,181.32000732421875
2024/11/4,PANW,180.55999755859375
2024/11/5,PANW,183.14500427246094
2024/11/6,PANW,192.58999633789062
2024/11/7,PANW,193.5
2024/11/8,PANW,195.6999969482422
2024/11/11,PANW,199.0500030517578
2024/11/12,PANW,199.00999450683594
2024/11/13,PANW,201.17999267578125
2024/11/14,PANW,197.19500732421875
2024/11/15,PANW,193.5
2024/11/18,PANW,193.4149932861328
2024/11/19,PANW,194.02999877929688
2024/11/20,PANW,196.44500732421875
2024/11/21,PANW,198.85000610351562
2024/11/22,PANW,191.67999267578125
2024/11/25,PANW,193.19000244140625
2024/11/26,PANW,198.1999969482422
2024/11/27,PANW,192.18499755859375
2024/11/29,PANW,193.91000366210938
2024/12/2,PANW,195.0850067138672
2024/12/3,PANW,196.2949981689453
2024/12/4,PANW,202.2899932861328
2024/12/5,PANW,201.51499938964844
2024/12/6,PANW,202.9499969482422
2024/12/9,PANW,194.47000122070312
2024/12/10,PANW,194.8800048828125
2024/12/11,PANW,199.2100067138672
2024/12/12,PANW,200.10499572753906
2024/12/13,PANW,196.55999755859375
2024/12/16,PANW,202.5
2024/12/17,PANW,201.24000549316406
2024/12/18,PANW,188.75999450683594
2024/12/19,PANW,189.36000061035156
2024/12/20,PANW,186.77999877929688
2024/12/23,PANW,188.22000122070312
2024/12/24,PANW,189.50999450683594
2024/12/26,PANW,188.5
2024/12/27,PANW,186.17999267578125
2024/12/30,PANW,184.1999969482422
2024/12/31,PANW,181.9600067138672
2025/1/2,PANW,180.74000549316406
2025/1/3,PANW,183.25
2025/1/6,PANW,179.5
2025/1/7,PANW,175.50999450683594
2025/1/8,PANW,172.8300018310547
2025/1/10,PANW,173.4199981689453
2025/1/13,PANW,167.82000732421875
2025/1/14,PANW,170.5800018310547
2025/1/15,PANW,174.19000244140625
2025/1/16,PANW,177.1699981689453
2025/1/17,PANW,177.11000061035156
2025/1/21,PANW,183.50999450683594
2025/1/22,PANW,187.6999969482422
2025/1/23,PANW,187.32000732421875
2025/1/24,PANW,187.6999969482422
2025/1/27,PANW,189.3000030517578
2025/1/28,PANW,192.94000244140625
2025/1/29,PANW,185.4199981689453
2025/1/30,PANW,187.4199981689453
2025/1/31,PANW,184.4199981689453
2025/2/3,PANW,182.7899932861328
2025/2/4,PANW,183.39999389648438
2025/2/5,PANW,186.85000610351562
2025/2/6,PANW,187.3699951171875
2025/2/7,PANW,193.94000244140625
2025/2/10,PANW,196.39999389648438
2025/2/11,PANW,195.49000549316406
2025/2/12,PANW,196.72999572753906
2025/2/13,PANW,201.8800048828125
2025/2/14,PANW,200.02999877929688
2025/2/18,PANW,208.27999877929688
2025/2/19,PANW,205.19000244140625
2025/2/20,PANW,198.80999755859375
2025/2/21,PANW,191.02999877929688
2025/2/24,PANW,190.38999938964844
2025/2/25,PANW,188.00999450683594
2025/2/26,PANW,189.5500030517578
2025/2/27,PANW,187.5
2025/2/28,PANW,190.42999267578125
2025/3/3,PANW,183.67999267578125
2025/3/4,PANW,184.3800048828125
2025/3/5,PANW,184.27999877929688
2025/3/6,PANW,179.3300018310547
2025/3/7,PANW,180.92999267578125
2025/3/10,PANW,173.8300018310547
2025/3/11,PANW,178.92999267578125
2025/3/12,PANW,179.47999572753906
2025/3/13,PANW,176.32000732421875
2025/3/14,PANW,182.33999633789062
2025/3/17,PANW,185
2025/3/18,PANW,183.10000610351562
2025/3/19,PANW,187.5399932861328
2025/3/20,PANW,184.00999450683594
2025/3/21,PANW,182.32000732421875
2025/3/24,PANW,184.7899932861328
2025/3/25,PANW,189.9499969482422
2025/3/26,PANW,184.9600067138672
2025/3/27,PANW,174.44000244140625
2025/3/28,PANW,172.75999450683594
2025/3/31,PANW,170.63999938964844
2025/4/1,PANW,171.30999755859375
2025/4/2,PANW,173.17999267578125
2025/4/3,PANW,165.1699981689453
2025/4/4,PANW,153.57000732421875
2025/4/7,PANW,152.44000244140625
2025/4/8,PANW,152.52999877929688
2025/4/9,PANW,173.02000427246094
2025/4/10,PANW,168.27000427246094
2025/4/11,PANW,168.33999633789062
2025/4/14,PANW,169.97999572753906
2025/4/15,PANW,173.5500030517578
2025/4/16,PANW,169.75999450683594
2025/4/17,PANW,167.69000244140625
2024/4/22,PLTR,20.969999313354492
2024/4/23,PLTR,21.639999389648438
2024/4/24,PLTR,21.59000015258789
2024/4/25,PLTR,21.709999084472656
2024/4/26,PLTR,22.520000457763672
2024/4/29,PLTR,22.829999923706055
2024/4/30,PLTR,21.969999313354492
2024/5/1,PLTR,22.1200008392334
2024/5/2,PLTR,22.549999237060547
2024/5/3,PLTR,23.329999923706055
2024/5/6,PLTR,25.209999084472656
2024/5/7,PLTR,21.399999618530273
2024/5/8,PLTR,21.559999465942383
2024/5/9,PLTR,21.139999389648438
2024/5/10,PLTR,20.600000381469727
2024/5/13,PLTR,20.940000534057617
2024/5/14,PLTR,21.440000534057617
2024/5/15,PLTR,21.670000076293945
2024/5/16,PLTR,21.649999618530273
2024/5/17,PLTR,21.760000228881836
2024/5/20,PLTR,21.6200008392334
2024/5/21,PLTR,21.239999771118164
2024/5/22,PLTR,21.170000076293945
2024/5/23,PLTR,20.719999313354492
2024/5/24,PLTR,21.010000228881836
2024/5/28,PLTR,21.049999237060547
2024/5/29,PLTR,20.940000534057617
2024/5/30,PLTR,21.729999542236328
2024/5/31,PLTR,21.68000030517578
2024/6/3,PLTR,21.31999969482422
2024/6/4,PLTR,22.100000381469727
2024/6/5,PLTR,22.959999084472656
2024/6/6,PLTR,23.790000915527344
2024/6/7,PLTR,23.309999465942383
2024/6/10,PLTR,23.1299991607666
2024/6/11,PLTR,23.850000381469727
2024/6/12,PLTR,23.770000457763672
2024/6/13,PLTR,23.270000457763672
2024/6/14,PLTR,23.56999969482422
2024/6/17,PLTR,25.020000457763672
2024/6/18,PLTR,25.81999969482422
2024/6/20,PLTR,25.559999465942383
2024/6/21,PLTR,23.84000015258789
2024/6/24,PLTR,24.15999984741211
2024/6/25,PLTR,24.559999465942383
2024/6/26,PLTR,24.100000381469727
2024/6/27,PLTR,25.219999313354492
2024/6/28,PLTR,25.329999923706055
2024/7/1,PLTR,25.8799991607666
2024/7/2,PLTR,25.829999923706055
2024/7/3,PLTR,25.850000381469727
2024/7/5,PLTR,27.229999542236328
2024/7/8,PLTR,27.700000762939453
2024/7/9,PLTR,27.389999389648438
2024/7/10,PLTR,28.420000076293945
2024/7/11,PLTR,27.639999389648438
2024/7/12,PLTR,28.06999969482422
2024/7/15,PLTR,28.670000076293945
2024/7/16,PLTR,28.670000076293945
2024/7/17,PLTR,28.219999313354492
2024/7/18,PLTR,28.639999389648438
2024/7/19,PLTR,28.579999923706055
2024/7/22,PLTR,28.459999084472656
2024/7/23,PLTR,28.809999465942383
2024/7/24,PLTR,26.600000381469727
2024/7/25,PLTR,26.6299991607666
2024/7/26,PLTR,27.18000030517578
2024/7/29,PLTR,27.079999923706055
2024/7/30,PLTR,26.3700008392334
2024/7/31,PLTR,26.889999389648438
2024/8/1,PLTR,26.079999923706055
2024/8/2,PLTR,24.739999771118164
2024/8/5,PLTR,24.09000015258789
2024/8/6,PLTR,26.59000015258789
2024/8/7,PLTR,26.31999969482422
2024/8/8,PLTR,29.280000686645508
2024/8/9,PLTR,30.010000228881836
2024/8/12,PLTR,29.3799991607666
2024/8/13,PLTR,30.389999389648438
2024/8/14,PLTR,31
2024/8/15,PLTR,31.219999313354492
2024/8/16,PLTR,32.08000183105469
2024/8/19,PLTR,32.5
2024/8/20,PLTR,32.31999969482422
2024/8/21,PLTR,32.540000915527344
2024/8/22,PLTR,31.920000076293945
2024/8/23,PLTR,31.780000686645508
2024/8/26,PLTR,30.850000381469727
2024/8/27,PLTR,30.84000015258789
2024/8/28,PLTR,30.360000610351562
2024/8/29,PLTR,31
2024/8/30,PLTR,31.479999542236328
2024/9/3,PLTR,30.510000228881836
2024/9/4,PLTR,30.59000015258789
2024/9/5,PLTR,30.15999984741211
2024/9/6,PLTR,30.329999923706055
2024/9/9,PLTR,34.599998474121094
2024/9/10,PLTR,34.7599983215332
2024/9/11,PLTR,34.849998474121094
2024/9/12,PLTR,34.90999984741211
2024/9/13,PLTR,35.59000015258789
2024/9/16,PLTR,36.310001373291016
2024/9/17,PLTR,36.45000076293945
2024/9/18,PLTR,36.380001068115234
2024/9/19,PLTR,36.83000183105469
2024/9/20,PLTR,37.20000076293945
2024/9/23,PLTR,37.95000076293945
2024/9/24,PLTR,36.900001525878906
2024/9/25,PLTR,37.119998931884766
2024/9/26,PLTR,37.099998474121094
2024/9/27,PLTR,36.84000015258789
2024/9/30,PLTR,37.20000076293945
2024/10/1,PLTR,36.459999084472656
2024/10/2,PLTR,37.4900016784668
2024/10/3,PLTR,39.2400016784668
2024/10/4,PLTR,40.0099983215332
2024/10/7,PLTR,38.88999938964844
2024/10/8,PLTR,41.45000076293945
2024/10/9,PLTR,43.130001068115234
2024/10/10,PLTR,43.52000045776367
2024/10/11,PLTR,43.5099983215332
2024/10/14,PLTR,43.400001525878906
2024/10/15,PLTR,42.43000030517578
2024/10/16,PLTR,41.93000030517578
2024/10/17,PLTR,42
2024/10/18,PLTR,42.970001220703125
2024/10/21,PLTR,42.70000076293945
2024/10/22,PLTR,42.939998626708984
2024/10/23,PLTR,42.59000015258789
2024/10/24,PLTR,43.560001373291016
2024/10/25,PLTR,44.86000061035156
2024/10/28,PLTR,44.970001220703125
2024/10/29,PLTR,44.93000030517578
2024/10/30,PLTR,43.689998626708984
2024/10/31,PLTR,41.560001373291016
2024/11/1,PLTR,41.91999816894531
2024/11/4,PLTR,41.40999984741211
2024/11/5,PLTR,51.130001068115234
2024/11/6,PLTR,55.529998779296875
2024/11/7,PLTR,55.880001068115234
2024/11/8,PLTR,58.38999938964844
2024/11/11,PLTR,60.2400016784668
2024/11/12,PLTR,59.849998474121094
2024/11/13,PLTR,60.70000076293945
2024/11/14,PLTR,59.18000030517578
2024/11/15,PLTR,65.7699966430664
2024/11/18,PLTR,61.2599983215332
2024/11/19,PLTR,62.97999954223633
2024/11/20,PLTR,62.119998931884766
2024/11/21,PLTR,61.36000061035156
2024/11/22,PLTR,64.3499984741211
2024/11/25,PLTR,64.6500015258789
2024/11/26,PLTR,65.73999786376953
2024/11/27,PLTR,66.05000305175781
2024/11/29,PLTR,67.08000183105469
2024/12/2,PLTR,66.38999938964844
2024/12/3,PLTR,70.95999908447266
2024/12/4,PLTR,69.8499984741211
2024/12/5,PLTR,71.87000274658203
2024/12/6,PLTR,76.33999633789062
2024/12/9,PLTR,72.45999908447266
2024/12/10,PLTR,70.88999938964844
2024/12/11,PLTR,72.51000213623047
2024/12/12,PLTR,73.19999694824219
2024/12/13,PLTR,76.06999969482422
2024/12/16,PLTR,75.75
2024/12/17,PLTR,74.38999938964844
2024/12/18,PLTR,71.51000213623047
2024/12/19,PLTR,74.20999908447266
2024/12/20,PLTR,80.55000305175781
2024/12/23,PLTR,80.69000244140625
2024/12/24,PLTR,82.37999725341797
2024/12/26,PLTR,82.13999938964844
2024/12/27,PLTR,79.08000183105469
2024/12/30,PLTR,77.18000030517578
2024/12/31,PLTR,75.62999725341797
2025/1/2,PLTR,75.19000244140625
2025/1/3,PLTR,79.88999938964844
2025/1/6,PLTR,75.91999816894531
2025/1/7,PLTR,69.98999786376953
2025/1/8,PLTR,68.2300033569336
2025/1/10,PLTR,67.26000213623047
2025/1/13,PLTR,64.9800033569336
2025/1/14,PLTR,65.91000366210938
2025/1/15,PLTR,68.13999938964844
2025/1/16,PLTR,69.23999786376953
2025/1/17,PLTR,71.7699966430664
2025/1/21,PLTR,73.06999969482422
2025/1/22,PLTR,76.87000274658203
2025/1/23,PLTR,78.9800033569336
2025/1/24,PLTR,78.9800033569336
2025/1/27,PLTR,75.44000244140625
2025/1/28,PLTR,80.2300033569336
2025/1/29,PLTR,79.76000213623047
2025/1/30,PLTR,81.22000122070312
2025/1/31,PLTR,82.48999786376953
2025/2/3,PLTR,83.73999786376953
2025/2/4,PLTR,103.83000183105469
2025/2/5,PLTR,101.36000061035156
2025/2/6,PLTR,111.27999877929688
2025/2/7,PLTR,110.8499984741211
2025/2/10,PLTR,116.6500015258789
2025/2/11,PLTR,112.62000274658203
2025/2/12,PLTR,117.38999938964844
2025/2/13,PLTR,117.91000366210938
2025/2/14,PLTR,119.16000366210938
2025/2/18,PLTR,124.62000274658203
2025/2/19,PLTR,112.05999755859375
2025/2/20,PLTR,106.2699966430664
2025/2/21,PLTR,101.3499984741211
2025/2/24,PLTR,90.68000030517578
2025/2/25,PLTR,87.83999633789062
2025/2/26,PLTR,89.30999755859375
2025/2/27,PLTR,84.7699966430664
2025/2/28,PLTR,84.91999816894531
2025/3/3,PLTR,83.41999816894531
2025/3/4,PLTR,84.4000015258789
2025/3/5,PLTR,90.12999725341797
2025/3/6,PLTR,80.45999908447266
2025/3/7,PLTR,84.91000366210938
2025/3/10,PLTR,76.37999725341797
2025/3/11,PLTR,78.05000305175781
2025/3/12,PLTR,83.6500015258789
2025/3/13,PLTR,79.62000274658203
2025/3/14,PLTR,86.23999786376953
2025/3/17,PLTR,87.3499984741211
2025/3/18,PLTR,83.88999938964844
2025/3/19,PLTR,86.0999984741211
2025/3/20,PLTR,87.38999938964844
2025/3/21,PLTR,90.95999908447266
2025/3/24,PLTR,96.75
2025/3/25,PLTR,96.5
2025/3/26,PLTR,92.27999877929688
2025/3/27,PLTR,90.08999633789062
2025/3/28,PLTR,85.8499984741211
2025/3/31,PLTR,84.4000015258789
2025/4/1,PLTR,84.68000030517578
2025/4/2,PLTR,87.44999694824219
2025/4/3,PLTR,83.5999984741211
2025/4/4,PLTR,74.01000213623047
2025/4/7,PLTR,77.83999633789062
2025/4/8,PLTR,77.31999969482422
2025/4/9,PLTR,92.01000213623047
2025/4/10,PLTR,88.58999633789062
2025/4/11,PLTR,88.55000305175781
2025/4/14,PLTR,92.62000274658203
2025/4/15,PLTR,98.4000015258789
2025/4/16,PLTR,92.70999908447266
2025/4/17,PLTR,93.77999877929688
2024/4/22,QQQ,416.27557373046875
2024/4/23,QQQ,422.48760986328125
2024/4/24,QQQ,423.9188537597656
2024/4/25,QQQ,421.8713684082031
2024/4/26,QQQ,428.3815612792969
2024/4/29,QQQ,430.12091064453125
2024/4/30,QQQ,422.010498046875
2024/5/1,QQQ,418.9591369628906
2024/5/2,QQQ,424.30645751953125
2024/5/3,QQQ,432.8343811035156
2024/5/6,QQQ,437.57537841796875
2024/5/7,QQQ,437.6449279785156
2024/5/8,QQQ,437.38653564453125
2024/5/9,QQQ,438.34063720703125
2024/5/10,QQQ,439.3743896484375
2024/5/13,QQQ,440.3881530761719
2024/5/14,QQQ,443.2208251953125
2024/5/15,QQQ,450.14849853515625
2024/5/16,QQQ,449.2341003417969
2024/5/17,QQQ,449.01544189453125
2024/5/20,QQQ,452.14630126953125
2024/5/21,QQQ,453.0308837890625
2024/5/22,QQQ,452.94146728515625
2024/5/23,QQQ,450.9039001464844
2024/5/24,QQQ,455.1678466796875
2024/5/28,QQQ,456.8872985839844
2024/5/29,QQQ,453.6670227050781
2024/5/30,QQQ,448.80670166015625
2024/5/31,QQQ,447.9718017578125
2024/6/3,QQQ,450.37713623046875
2024/6/4,QQQ,451.6095886230469
2024/6/5,QQQ,460.71392822265625
2024/6/6,QQQ,460.55487060546875
2024/6/7,QQQ,460.1473693847656
2024/6/10,QQQ,462.0060119628906
2024/6/11,QQQ,465.1766357421875
2024/6/12,QQQ,471.2694091796875
2024/6/13,QQQ,473.82379150390625
2024/6/14,QQQ,476.2787780761719
2024/6/17,QQQ,482.1131286621094
2024/6/18,QQQ,482.26220703125
2024/6/20,QQQ,478.5449219
2024/6/21,QQQ,477.2627868652344
2024/6/24,QQQ,471.8293151855469
2024/6/25,QQQ,477.2249450683594
2024/6/26,QQQ,478.21051025390625
2024/6/27,QQQ,479.4449157714844
2024/6/28,QQQ,476.9561462402344
2024/7/1,QQQ,479.7535400390625
2024/7/2,QQQ,484.7908020019531
2024/7/3,QQQ,488.8325500488281
2024/7/5,QQQ,493.9295349121094
2024/7/8,QQQ,495.10418701171875
2024/7/9,QQQ,495.5322570800781
2024/7/10,QQQ,500.6989440917969
2024/7/11,QQQ,489.7185363769531
2024/7/12,QQQ,492.5955505371094
2024/7/15,QQQ,493.9195556640625
2024/7/16,QQQ,494.10870361328125
2024/7/17,QQQ,479.6042175292969
2024/7/18,QQQ,477.3344421386719
2024/7/19,QQQ,473.1035156
2024/7/22,QQQ,480.1517333984375
2024/7/23,QQQ,478.4593811035156
2024/7/24,QQQ,461.296875
2024/7/25,QQQ,456.2098388671875
2024/7/26,QQQ,460.88873291015625
2024/7/29,QQQ,461.81451416015625
2024/7/30,QQQ,455.47320556640625
2024/7/31,QQQ,468.9523010253906
2024/8/1,QQQ,457.5935974121094
2024/8/2,QQQ,446.732666015625
2024/8/5,QQQ,433.4128112792969
2024/8/6,QQQ,437.5541076660156
2024/8/7,QQQ,432.8154602050781
2024/8/8,QQQ,446.05572509765625
2024/8/9,QQQ,448.3851623535156
2024/8/12,QQQ,449.350830078125
2024/8/13,QQQ,460.5004577636719
2024/8/14,QQQ,460.6498107910156
2024/8/15,QQQ,472.2872314453125
2024/8/16,QQQ,472.8945007324219
2024/8/19,QQQ,479.1064453
2024/8/20,QQQ,478.1009826660156
2024/8/21,QQQ,480.3309020996094
2024/8/22,QQQ,472.7153015136719
2024/8/23,QQQ,477.8421630859375
2024/8/26,QQQ,473.203125
2024/8/27,QQQ,474.61676025390625
2024/8/28,QQQ,469.2310485839844
2024/8/29,QQQ,468.5441589355469
2024/8/30,QQQ,474.1289063
2024/9/3,QQQ,459.73394775390625
2024/9/4,QQQ,458.539306640625
2024/9/5,QQQ,458.9673767089844
2024/9/6,QQQ,446.67291259765625
2024/9/9,QQQ,452.41693115234375
2024/9/10,QQQ,456.5981140136719
2024/9/11,QQQ,466.5132751464844
2024/9/12,QQQ,471.0926513671875
2024/9/13,QQQ,473.203125
2024/9/16,QQQ,471.112548828125
2024/9/17,QQQ,471.3614501953125
2024/9/18,QQQ,469.3206481933594
2024/9/19,QQQ,481.1870422363281
2024/9/20,QQQ,480.27117919921875
2024/9/23,QQQ,481.54425048828125
2024/9/24,QQQ,483.86700439453125
2024/9/25,QQQ,484.3156433105469
2024/9/26,QQQ,487.954345703125
2024/9/27,QQQ,485.24273681640625
2024/9/30,QQQ,486.55865478515625
2024/10/1,QQQ,479.7796936035156
2024/10/2,QQQ,480.4576110839844
2024/10/3,QQQ,480.0987243652344
2024/10/4,QQQ,485.81097412109375
2024/10/7,QQQ,480.6071472167969
2024/10/8,QQQ,487.78485107421875
2024/10/9,QQQ,491.6228942871094
2024/10/10,QQQ,491.0646667480469
2024/10/11,QQQ,491.8322448730469
2024/10/14,QQQ,495.95947265625
2024/10/15,QQQ,489.3300781
2024/10/16,QQQ,489.389892578125
2024/10/17,QQQ,489.72882080078125
2024/10/18,QQQ,492.9388427734375
2024/10/21,QQQ,493.88592529296875
2024/10/22,QQQ,494.4242248535156
2024/10/23,QQQ,486.8477478027344
2024/10/24,QQQ,490.7955017089844
2024/10/25,QQQ,493.7862243652344
2024/10/28,QQQ,493.865966796875
2024/10/29,QQQ,498.6112365722656
2024/10/30,QQQ,494.8429260253906
2024/10/31,QQQ,482.35174560546875
2024/11/1,QQQ,485.9206237792969
2024/11/4,QQQ,484.5050354003906
2024/11/5,QQQ,490.6858215332031
2024/11/6,QQQ,504.0144348144531
2024/11/7,QQQ,511.9497375488281
2024/11/8,QQQ,512.5479736328125
2024/11/11,QQQ,512.2488403320312
2024/11/12,QQQ,511.32171630859375
2024/11/13,QQQ,510.6637878417969
2024/11/14,QQQ,507.11480712890625
2024/11/15,QQQ,495.0323486328125
2024/11/18,QQQ,498.4716491699219
2024/11/19,QQQ,501.9010009765625
2024/11/20,QQQ,501.6119079589844
2024/11/21,QQQ,503.4162902832031
2024/11/22,QQQ,504.22381591796875
2024/11/25,QQQ,505.02130126953125
2024/11/26,QQQ,507.7328796386719
2024/11/27,QQQ,503.73529052734375
2024/11/29,QQQ,508.1615295410156
2024/12/2,QQQ,513.6943359
2024/12/3,QQQ,515.2694702148438
2024/12/4,QQQ,521.6397094726562
2024/12/5,QQQ,520.1941528320312
2024/12/6,QQQ,524.8496704101562
2024/12/9,QQQ,520.7623901367188
2024/12/10,QQQ,518.9879150390625
2024/12/11,QQQ,528.279052734375
2024/12/12,QQQ,524.8696899414062
2024/12/13,QQQ,528.88720703125
2024/12/16,QQQ,536.5035400390625
2024/12/17,QQQ,534.1408081054688
2024/12/18,QQQ,514.8706665039062
2024/12/19,QQQ,512.5778198242188
2024/12/20,QQQ,517.0538940429688
2024/12/23,QQQ,522.0914306640625
2024/12/24,QQQ,529.1708984
2024/12/26,QQQ,528.8114013671875
2024/12/27,QQQ,521.7818603515625
2024/12/30,QQQ,514.8422241210938
2024/12/31,QQQ,510.4687805175781
2025/1/2,QQQ,509.4702453613281
2025/1/3,QQQ,517.8078002929688
2025/1/6,QQQ,523.7589111328125
2025/1/7,QQQ,514.412841796875
2025/1/8,QQQ,514.5027465820312
2025/1/10,QQQ,506.4347839355469
2025/1/13,QQQ,504.80718994140625
2025/1/14,QQQ,504.3279113769531
2025/1/15,QQQ,515.9306030273438
2025/1/16,QQQ,512.3160400390625
2025/1/17,QQQ,520.9630737304688
2025/1/21,QQQ,524.0185547
2025/1/22,QQQ,530.7185668945312
2025/1/23,QQQ,531.8468627929688
2025/1/24,QQQ,528.8413696289062
2025/1/27,QQQ,513.4443359
2025/1/28,QQQ,521.0330200195312
2025/1/29,QQQ,520.0545043945312
2025/1/30,QQQ,522.2711181640625
2025/1/31,QQQ,521.5122680664062
2025/2/3,QQQ,517.3385009765625
2025/2/4,QQQ,523.6890258789062
2025/2/5,QQQ,526.0654907226562
2025/2/6,QQQ,528.8114013671875
2025/2/7,QQQ,522.141357421875
2025/2/10,QQQ,528.4619141
2025/2/11,QQQ,527.2037963867188
2025/2/12,QQQ,527.5133056640625
2025/2/13,QQQ,535.10205078125
2025/2/14,QQQ,537.3486938476562
2025/2/18,QQQ,538.5668334960938
2025/2/19,QQQ,538.7166748046875
2025/2/20,QQQ,536.4299926757812
2025/2/21,QQQ,525.296630859375
2025/2/24,QQQ,519.0958862304688
2025/2/25,QQQ,512.5556641
2025/2/26,QQQ,513.7938232421875
2025/2/27,QQQ,499.5250549316406
2025/2/28,QQQ,507.413330078125
2025/3/3,QQQ,496.3098449707031
2025/3/4,QQQ,494.8121032714844
2025/3/5,QQQ,501.2624816894531
2025/3/6,QQQ,487.4730529785156
2025/3/7,QQQ,491.0577087402344
2025/3/10,QQQ,472.0260925292969
2025/3/11,QQQ,470.89776611328125
2025/3/12,QQQ,476.2098693847656
2025/3/13,QQQ,467.6426086425781
2025/3/14,QQQ,478.9457702636719
2025/3/17,QQQ,482.0511169433594
2025/3/18,QQQ,473.8334045410156
2025/3/19,QQQ,480.1739501953125
2025/3/20,QQQ,478.5463562011719
2025/3/21,QQQ,480.1239929199219
2025/3/24,QQQ,490.6600036621094
2025/3/25,QQQ,493.4599914550781
2025/3/26,QQQ,484.3800048828125
2025/3/27,QQQ,481.6199951171875
2025/3/28,QQQ,468.94000244140625
2025/3/31,QQQ,468.9200134277344
2025/4/1,QQQ,472.70001220703125
2025/4/2,QQQ,476.1499938964844
2025/4/3,QQQ,450.6600036621094
2025/4/4,QQQ,422.6700134277344
2025/4/7,QQQ,423.69000244140625
2025/4/8,QQQ,416.05999755859375
2025/4/9,QQQ,466
2025/4/10,QQQ,446.17999267578125
2025/4/11,QQQ,454.3999938964844
2025/4/14,QQQ,457.4800109863281
2025/4/15,QQQ,457.989990234375
2025/4/16,QQQ,444.17999267578125
2025/4/17,QQQ,444.1000061035156
2024/4/22,TSLA,142.0500030517578
2024/4/23,TSLA,144.67999267578125
2024/4/24,TSLA,162.1300048828125
2024/4/25,TSLA,170.17999267578125
2024/4/26,TSLA,168.2899932861328
2024/4/29,TSLA,194.0500030517578
2024/4/30,TSLA,183.27999877929688
2024/5/1,TSLA,179.99000549316406
2024/5/2,TSLA,180.00999450683594
2024/5/3,TSLA,181.19000244140625
2024/5/6,TSLA,184.75999450683594
2024/5/7,TSLA,177.80999755859375
2024/5/8,TSLA,174.72000122070312
2024/5/9,TSLA,171.97000122070312
2024/5/10,TSLA,168.47000122070312
2024/5/13,TSLA,171.88999938964844
2024/5/14,TSLA,177.5500030517578
2024/5/15,TSLA,173.99000549316406
2024/5/16,TSLA,174.83999633789062
2024/5/17,TSLA,177.4600067138672
2024/5/20,TSLA,174.9499969482422
2024/5/21,TSLA,186.60000610351562
2024/5/22,TSLA,180.11000061035156
2024/5/23,TSLA,173.74000549316406
2024/5/24,TSLA,179.24000549316406
2024/5/28,TSLA,176.75
2024/5/29,TSLA,176.19000244140625
2024/5/30,TSLA,178.7899932861328
2024/5/31,TSLA,178.0800018310547
2024/6/3,TSLA,176.2899932861328
2024/6/4,TSLA,174.77000427246094
2024/6/5,TSLA,175
2024/6/6,TSLA,177.94000244140625
2024/6/7,TSLA,177.47999572753906
2024/6/10,TSLA,173.7899932861328
2024/6/11,TSLA,170.66000366210938
2024/6/12,TSLA,177.2899932861328
2024/6/13,TSLA,182.47000122070312
2024/6/14,TSLA,178.00999450683594
2024/6/17,TSLA,187.44000244140625
2024/6/18,TSLA,184.86000061035156
2024/6/20,TSLA,181.57000732421875
2024/6/21,TSLA,183.00999450683594
2024/6/24,TSLA,182.5800018310547
2024/6/25,TSLA,187.35000610351562
2024/6/26,TSLA,196.3699951171875
2024/6/27,TSLA,197.4199981689453
2024/6/28,TSLA,197.8800048828125
2024/7/1,TSLA,209.86000061035156
2024/7/2,TSLA,231.25999450683594
2024/7/3,TSLA,246.38999938964844
2024/7/5,TSLA,251.52000427246094
2024/7/8,TSLA,252.94000244140625
2024/7/9,TSLA,262.3299865722656
2024/7/10,TSLA,263.260009765625
2024/7/11,TSLA,241.02999877929688
2024/7/12,TSLA,248.22999572753906
2024/7/15,TSLA,252.63999938964844
2024/7/16,TSLA,256.55999755859375
2024/7/17,TSLA,248.5
2024/7/18,TSLA,249.22999572753906
2024/7/19,TSLA,239.1999969482422
2024/7/22,TSLA,251.50999450683594
2024/7/23,TSLA,246.3800048828125
2024/7/24,TSLA,215.99000549316406
2024/7/25,TSLA,220.25
2024/7/26,TSLA,219.8000030517578
2024/7/29,TSLA,232.10000610351562
2024/7/30,TSLA,222.6199951171875
2024/7/31,TSLA,232.07000732421875
2024/8/1,TSLA,216.86000061035156
2024/8/2,TSLA,207.6699981689453
2024/8/5,TSLA,198.8800048828125
2024/8/6,TSLA,200.63999938964844
2024/8/7,TSLA,191.75999450683594
2024/8/8,TSLA,198.83999633789062
2024/8/9,TSLA,200
2024/8/12,TSLA,197.49000549316406
2024/8/13,TSLA,207.8300018310547
2024/8/14,TSLA,201.3800048828125
2024/8/15,TSLA,214.13999938964844
2024/8/16,TSLA,216.1199951171875
2024/8/19,TSLA,222.72000122070312
2024/8/20,TSLA,221.10000610351562
2024/8/21,TSLA,223.27000427246094
2024/8/22,TSLA,210.66000366210938
2024/8/23,TSLA,220.32000732421875
2024/8/26,TSLA,213.2100067138672
2024/8/27,TSLA,209.2100067138672
2024/8/28,TSLA,205.75
2024/8/29,TSLA,206.27999877929688
2024/8/30,TSLA,214.11000061035156
2024/9/3,TSLA,210.60000610351562
2024/9/4,TSLA,219.41000366210938
2024/9/5,TSLA,230.1699981689453
2024/9/6,TSLA,210.72999572753906
2024/9/9,TSLA,216.27000427246094
2024/9/10,TSLA,226.1699981689453
2024/9/11,TSLA,228.1300048828125
2024/9/12,TSLA,229.80999755859375
2024/9/13,TSLA,230.2899932861328
2024/9/16,TSLA,226.77999877929688
2024/9/17,TSLA,227.8699951171875
2024/9/18,TSLA,227.1999969482422
2024/9/19,TSLA,243.9199981689453
2024/9/20,TSLA,238.25
2024/9/23,TSLA,250
2024/9/24,TSLA,254.27000427246094
2024/9/25,TSLA,257.0199890136719
2024/9/26,TSLA,254.22000122070312
2024/9/27,TSLA,260.4599914550781
2024/9/30,TSLA,261.6300048828125
2024/10/1,TSLA,258.0199890136719
2024/10/2,TSLA,249.02000427246094
2024/10/3,TSLA,240.66000366210938
2024/10/4,TSLA,250.0800018310547
2024/10/7,TSLA,240.8300018310547
2024/10/8,TSLA,244.5
2024/10/9,TSLA,241.0500030517578
2024/10/10,TSLA,238.77000427246094
2024/10/11,TSLA,217.8000030517578
2024/10/14,TSLA,219.16000366210938
2024/10/15,TSLA,219.57000732421875
2024/10/16,TSLA,221.3300018310547
2024/10/17,TSLA,220.88999938964844
2024/10/18,TSLA,220.6999969482422
2024/10/21,TSLA,218.85000610351562
2024/10/22,TSLA,217.97000122070312
2024/10/23,TSLA,213.64999389648438
2024/10/24,TSLA,260.4800109863281
2024/10/25,TSLA,269.19000244140625
2024/10/28,TSLA,262.510009765625
2024/10/29,TSLA,259.5199890136719
2024/10/30,TSLA,257.54998779296875
2024/10/31,TSLA,249.85000610351562
2024/11/1,TSLA,248.97999572753906
2024/11/4,TSLA,242.83999633789062
2024/11/5,TSLA,251.44000244140625
2024/11/6,TSLA,288.5299987792969
2024/11/7,TSLA,296.9100036621094
2024/11/8,TSLA,321.2200012207031
2024/11/11,TSLA,350
2024/11/12,TSLA,328.489990234375
2024/11/13,TSLA,330.239990234375
2024/11/14,TSLA,311.17999267578125
2024/11/15,TSLA,320.7200012207031
2024/11/18,TSLA,338.739990234375
2024/11/19,TSLA,346
2024/11/20,TSLA,342.0299987792969
2024/11/21,TSLA,339.6400146484375
2024/11/22,TSLA,352.55999755859375
2024/11/25,TSLA,338.5899963378906
2024/11/26,TSLA,338.2300109863281
2024/11/27,TSLA,332.8900146484375
2024/11/29,TSLA,345.1600036621094
2024/12/2,TSLA,357.0899963378906
2024/12/3,TSLA,351.4200134277344
2024/12/4,TSLA,357.92999267578125
2024/12/5,TSLA,369.489990234375
2024/12/6,TSLA,389.2200012207031
2024/12/9,TSLA,389.7900085449219
2024/12/10,TSLA,400.989990234375
2024/12/11,TSLA,424.7699890136719
2024/12/12,TSLA,418.1000061035156
2024/12/13,TSLA,436.2300109863281
2024/12/16,TSLA,463.0199890136719
2024/12/17,TSLA,479.8599853515625
2024/12/18,TSLA,440.1300048828125
2024/12/19,TSLA,436.1700134277344
2024/12/20,TSLA,421.05999755859375
2024/12/23,TSLA,430.6000061035156
2024/12/24,TSLA,462.2799987792969
2024/12/26,TSLA,454.1300048828125
2024/12/27,TSLA,431.6600036621094
2024/12/30,TSLA,417.4100036621094
2024/12/31,TSLA,403.8399963378906
2025/1/2,TSLA,379.2799987792969
2025/1/3,TSLA,410.44000244140625
2025/1/6,TSLA,411.04998779296875
2025/1/7,TSLA,394.3599853515625
2025/1/8,TSLA,394.94000244140625
2025/1/10,TSLA,394.739990234375
2025/1/13,TSLA,403.30999755859375
2025/1/14,TSLA,396.3599853515625
2025/1/15,TSLA,428.2200012207031
2025/1/16,TSLA,413.82000732421875
2025/1/17,TSLA,426.5
2025/1/21,TSLA,424.07000732421875
2025/1/22,TSLA,415.1099853515625
2025/1/23,TSLA,412.3800048828125
2025/1/24,TSLA,406.5799865722656
2025/1/27,TSLA,397.1499938964844
2025/1/28,TSLA,398.0899963378906
2025/1/29,TSLA,389.1000061035156
2025/1/30,TSLA,400.2799987792969
2025/1/31,TSLA,404.6000061035156
2025/2/3,TSLA,383.67999267578125
2025/2/4,TSLA,392.2099914550781
2025/2/5,TSLA,378.1700134277344
2025/2/6,TSLA,374.32000732421875
2025/2/7,TSLA,361.6199951171875
2025/2/10,TSLA,350.7300109863281
2025/2/11,TSLA,328.5
2025/2/12,TSLA,336.510009765625
2025/2/13,TSLA,355.94000244140625
2025/2/14,TSLA,355.8399963378906
2025/2/18,TSLA,354.1099853515625
2025/2/19,TSLA,360.55999755859375
2025/2/20,TSLA,354.3999938964844
2025/2/21,TSLA,337.79998779296875
2025/2/24,TSLA,330.5299987792969
2025/2/25,TSLA,302.79998779296875
2025/2/26,TSLA,290.79998779296875
2025/2/27,TSLA,281.95001220703125
2025/2/28,TSLA,292.9800109863281
2025/3/3,TSLA,284.6499938964844
2025/3/4,TSLA,272.0400085449219
2025/3/5,TSLA,279.1000061035156
2025/3/6,TSLA,263.45001220703125
2025/3/7,TSLA,262.6700134277344
2025/3/10,TSLA,222.14999389648438
2025/3/11,TSLA,230.5800018310547
2025/3/12,TSLA,248.08999633789062
2025/3/13,TSLA,240.67999267578125
2025/3/14,TSLA,249.97999572753906
2025/3/17,TSLA,238.00999450683594
2025/3/18,TSLA,225.30999755859375
2025/3/19,TSLA,235.86000061035156
2025/3/20,TSLA,236.25999450683594
2025/3/21,TSLA,248.7100067138672
2025/3/24,TSLA,278.3900146484375
2025/3/25,TSLA,288.1400146484375
2025/3/26,TSLA,272.05999755859375
2025/3/27,TSLA,273.1300048828125
2025/3/28,TSLA,263.54998779296875
2025/3/31,TSLA,259.1600036621094
2025/4/1,TSLA,268.4599914550781
2025/4/2,TSLA,282.760009765625
2025/4/3,TSLA,267.2799987792969
2025/4/4,TSLA,239.42999267578125
2025/4/7,TSLA,233.2899932861328
2025/4/8,TSLA,221.86000061035156
2025/4/9,TSLA,272.20001220703125
2025/4/10,TSLA,252.39999389648438
2025/4/11,TSLA,252.30999755859375
2025/4/14,TSLA,252.35000610351562
2025/4/15,TSLA,254.11000061035156
2025/4/16,TSLA,241.5500030517578
2025/4/17,TSLA,241.3699951171875
2024/4/22,V,270.31329345703125
2024/4/23,V,272.0800781
2024/4/24,V,272.9833679199219
2024/4/25,V,273.12237548828125
2024/4/26,V,272.487060546875
2024/4/29,V,269.8269348144531
2024/4/30,V,266.6208190917969
2024/5/1,V,265.3404235839844
2024/5/2,V,265.62823486328125
2024/5/3,V,266.501708984375
2024/5/6,V,270.6507873535156
2024/5/7,V,274.4127502441406
2024/5/8,V,275.1373291015625
2024/5/9,V,276.47735595703125
2024/5/10,V,278.6610412597656
2024/5/13,V,277.321044921875
2024/5/14,V,275.6832275390625
2024/5/15,V,279.4153747558594
2024/5/16,V,278.28173828125
2024/5/17,V,278.540283203125
2024/5/20,V,276.989013671875
2024/5/21,V,274.4134521484375
2024/5/22,V,274.04547119140625
2024/5/23,V,272.7030029296875
2024/5/24,V,272.9615478515625
2024/5/28,V,269.4710998535156
2024/5/29,V,267.36285400390625
2024/5/30,V,269.7892761230469
2024/5/31,V,270.9428405761719
2024/6/3,V,268.87445068359375
2024/6/4,V,270.903076171875
2024/6/5,V,272.97149658203125
2024/6/6,V,275.49737548828125
2024/6/7,V,277.1182556152344
2024/6/10,V,273.50848388671875
2024/6/11,V,273.14056396484375
2024/6/12,V,268.8147888183594
2024/6/13,V,269.679931640625
2024/6/14,V,269.1528625488281
2024/6/17,V,269.6600646972656
2024/6/18,V,272.09637451171875
2024/6/20,V,275.278564453125
2024/6/21,V,273.6875
2024/6/24,V,274.7614440917969
2024/6/25,V,272.0068664550781
2024/6/26,V,272.0765075683594
2024/6/27,V,265.1055603027344
2024/6/28,V,261.00848388671875
2024/7/1,V,261.774169921875
2024/7/2,V,266.7364196777344
2024/7/3,V,267.4921569824219
2024/7/5,V,268.8545227050781
2024/7/8,V,264.91656494140625
2024/7/9,V,263.9619445800781
2024/7/10,V,261.5355529785156
2024/7/11,V,261.0880126953125
2024/7/12,V,264.2602233886719
2024/7/15,V,266.9552001953125
2024/7/16,V,267.750732421875
2024/7/17,V,271.1815490722656
2024/7/18,V,267.6512451171875
2024/7/19,V,263.9818420410156
2024/7/22,V,266.2192687988281
2024/7/23,V,263.3155517578125
2024/7/24,V,252.7546844482422
2024/7/25,V,252.3271026611328
2024/7/26,V,258.0152282714844
2024/7/29,V,260.143310546875
2024/7/30,V,261.6349792480469
2024/7/31,V,264.190673828125
2024/8/1,V,264.4492188
2024/8/2,V,265.0955505371094
2024/8/5,V,255.01205444335938
2024/8/6,V,256.8218994140625
2024/8/7,V,255.09161376953125
2024/8/8,V,258.3831481933594
2024/8/9,V,258.8315734863281
2024/8/12,V,258.96112060546875
2024/8/13,V,259.2002258300781
2024/8/14,V,260.2066345214844
2024/8/15,V,265.84637451171875
2024/8/16,V,266.42431640625
2024/8/19,V,265.5175781
2024/8/20,V,267.08197021484375
2024/8/21,V,267.24139404296875
2024/8/22,V,266.9823303222656
2024/8/23,V,266.484130859375
2024/8/26,V,267.2513427734375
2024/8/27,V,269.7524108886719
2024/8/28,V,268.2278747558594
2024/8/29,V,273.33953857421875
2024/8/30,V,275.3821716308594
2024/9/3,V,277.54443359375
2024/9/4,V,279.4874572753906
2024/9/5,V,277.6241149902344
2024/9/6,V,278.3714599609375
2024/9/9,V,284.5891418457031
2024/9/10,V,284.32012939453125
2024/9/11,V,282.9450378417969
2024/9/12,V,284.35003662109375
2024/9/13,V,286.3229675292969
2024/9/16,V,289.4417724609375
2024/9/17,V,290.5179138183594
2024/9/18,V,287.44891357421875
2024/9/19,V,284.2204895019531
2024/9/20,V,283.7521667480469
2024/9/23,V,287.598388671875
2024/9/24,V,271.8050231933594
2024/9/25,V,268.666259765625
2024/9/26,V,270.7189025878906
2024/9/27,V,274.1864929199219
2024/9/30,V,273.96728515625
2024/10/1,V,276.6078186035156
2024/10/2,V,276.0099182128906
2024/10/3,V,275.87042236328125
2024/10/4,V,276.93658447265625
2024/10/7,V,272.8114318847656
2024/10/8,V,273.97723388671875
2024/10/9,V,275.940185546875
2024/10/10,V,276.478271484375
2024/10/11,V,276.846923828125
2024/10/14,V,279.6767578
2024/10/15,V,278.2917785644531
2024/10/16,V,286.4923400878906
2024/10/17,V,289.35211181640625
2024/10/18,V,289.58123779296875
2024/10/21,V,285.8247375488281
2024/10/22,V,283.7721252441406
2024/10/23,V,282.74578857421875
2024/10/24,V,282.20770263671875
2024/10/25,V,280.7230529785156
2024/10/28,V,283.1742248535156
2024/10/29,V,280.87249755859375
2024/10/30,V,289.1228942871094
2024/10/31,V,288.81402587890625
2024/11/1,V,289.7008361816406
2024/11/4,V,290.806884765625
2024/11/5,V,292.2417297363281
2024/11/6,V,306.30126953125
2024/11/7,V,304.70697021484375
2024/11/8,V,306.76959228515625
2024/11/11,V,309.8087158203125
2024/11/12,V,309.3294982910156
2024/11/13,V,308.96014404296875
2024/11/14,V,307.732177734375
2024/11/15,V,309.119873046875
2024/11/18,V,311.6356201171875
2024/11/19,V,311.3261413574219
2024/11/20,V,306.8736572265625
2024/11/21,V,309.3794250488281
2024/11/22,V,309.3993835449219
2024/11/25,V,312.66387939453125
2024/11/26,V,311.29620361328125
2024/11/27,V,314.1713562011719
2024/11/29,V,314.5506896972656
2024/12/2,V,316.1180725097656
2024/12/3,V,312.48419189453125
2024/12/4,V,309.3794250488281
2024/12/5,V,308.560791015625
2024/12/6,V,310.487548828125
2024/12/9,V,307.7821044921875
2024/12/10,V,311.8552551269531
2024/12/11,V,313.26287841796875
2024/12/12,V,313.7021484
2024/12/13,V,314.2112731933594
2024/12/16,V,315.359375
2024/12/17,V,317.7652893066406
2024/12/18,V,309.2596130371094
2024/12/19,V,314.3510437011719
2024/12/20,V,317.1763000488281
2024/12/23,V,316.6871337890625
2024/12/24,V,320.1113586425781
2024/12/26,V,320.3709411621094
2024/12/27,V,318.12469482421875
2024/12/30,V,314.78033447265625
2024/12/31,V,315.5091247558594
2025/1/2,V,313.8718566894531
2025/1/3,V,314.3810119628906
2025/1/6,V,312.51416015625
2025/1/7,V,311.1464538574219
2025/1/8,V,312.07489013671875
2025/1/10,V,307.1930847167969
2025/1/13,V,306.4044494628906
2025/1/14,V,308.5707702636719
2025/1/15,V,315.7486877441406
2025/1/16,V,316.7170715332031
2025/1/17,V,319.0830993652344
2025/1/21,V,323.08636474609375
2025/1/22,V,323.0164794921875
2025/1/23,V,327.6586608886719
2025/1/24,V,329.64532470703125
2025/1/27,V,333.97802734375
2025/1/28,V,333.91815185546875
2025/1/29,V,335.3157958984375
2025/1/30,V,342.4737243652344
2025/1/31,V,341.225830078125
2025/2/3,V,345.23907470703125
2025/2/4,V,344.5701904296875
2025/2/5,V,348.8529968261719
2025/2/6,V,346.89630126953125
2025/2/7,V,347.43536376953125
2025/2/10,V,350.6400146484375
2025/2/11,V,350.7200012207031
2025/2/12,V,351.489990234375
2025/2/13,V,355.6300048828125
2025/2/14,V,353.80999755859375
2025/2/18,V,356.7300109863281
2025/2/19,V,355.2300109863281
2025/2/20,V,350.489990234375
2025/2/21,V,348.5299987792969
2025/2/24,V,349.8599853515625
2025/2/25,V,352.0899963378906
2025/2/26,V,350.6300048828125
2025/2/27,V,355.739990234375
2025/2/28,V,362.7099914550781
2025/3/3,V,361.82000732421875
2025/3/4,V,352.2300109863281
2025/3/5,V,352.67999267578125
2025/3/6,V,344.1600036621094
2025/3/7,V,345.32000732421875
2025/3/10,V,341.4800109863281
2025/3/11,V,332.1400146484375
2025/3/12,V,332.8399963378906
2025/3/13,V,328.54998779296875
2025/3/14,V,331.79998779296875
2025/3/17,V,334.54998779296875
2025/3/18,V,334.7699890136719
2025/3/19,V,339.8699951171875
2025/3/20,V,339.5
2025/3/21,V,335.6600036621094
2025/3/24,V,343.8699951171875
2025/3/25,V,344.6199951171875
2025/3/26,V,344.17999267578125
2025/3/27,V,349.8599853515625
2025/3/28,V,342.8500061035156
2025/3/31,V,350.4599914550781
2025/4/1,V,346.3500061035156
2025/4/2,V,346.3299865722656
2025/4/3,V,339.3900146484375
2025/4/4,V,313.1300048828125
2025/4/7,V,312.32000732421875
2025/4/8,V,308.2699890136719
2025/4/9,V,332.42999267578125
2025/4/10,V,324.6099853515625
2025/4/11,V,333.3999938964844
2025/4/14,V,335.17999267578125
2025/4/15,V,335.80999755859375
2025/4/16,V,331.3299865722656
2025/4/17,V,329.6099853515625
2024/4/22,XLE,92.5475082397461
2024/4/23,XLE,93.0606460571289
2024/4/24,XLE,93.12840270996094
2024/4/25,XLE,93.55440521240234
2024/4/26,XLE,92.6927261352539
2024/4/29,XLE,93.32203674316406
2024/4/30,XLE,90.54338836669922
2024/5/1,XLE,89.10082244873047
2024/5/2,XLE,89.61394500732422
2024/5/3,XLE,89.62362670898438
2024/5/6,XLE,90.33039855957031
2024/5/7,XLE,90.2432632446289
2024/5/8,XLE,90.13676452636719
2024/5/9,XLE,91.34696960449219
2024/5/10,XLE,90.8435287475586
2024/5/13,XLE,90.60147857666016
2024/5/14,XLE,90.71766662597656
2024/5/15,XLE,90.92098236083984
2024/5/16,XLE,90.66925048828125
2024/5/17,XLE,91.93756866455078
2024/5/20,XLE,91.33728790283203
2024/5/21,XLE,90.89192962646484
2024/5/22,XLE,89.14922332763672
2024/5/23,XLE,88.33595275878906
2024/5/24,XLE,88.46183013916016
2024/5/28,XLE,89.37189483642578
2024/5/29,XLE,87.79378509521484
2024/5/30,XLE,88.04550170898438
2024/5/31,XLE,90.23357391357422
2024/6/3,XLE,87.8712387084961
2024/6/4,XLE,87.0289306640625
2024/6/5,XLE,87.01924133300781
2024/6/6,XLE,87.47428894042969
2024/6/7,XLE,87.12574768066406
2024/6/10,XLE,87.78410339355469
2024/6/11,XLE,87.60983276367188
2024/6/12,XLE,86.67070770263672
2024/6/13,XLE,85.87680053710938
2024/6/14,XLE,85.23782348632812
2024/6/17,XLE,85.46048736572266
2024/6/18,XLE,85.81871032714844
2024/6/20,XLE,87.3968276977539
2024/6/21,XLE,86.89337921142578
2024/6/24,XLE,89.0843734741211
2024/6/25,XLE,89.2893295288086
2024/6/26,XLE,88.41098022460938
2024/6/27,XLE,88.61593627929688
2024/6/28,XLE,88.95751190185547
2024/7/1,XLE,89.00630950927734
2024/7/2,XLE,88.93798828
2024/7/3,XLE,89.328369140625
2024/7/5,XLE,87.93276977539062
2024/7/8,XLE,87.39599609
2024/7/9,XLE,86.62499237060547
2024/7/10,XLE,87.2105712890625
2024/7/11,XLE,88.11819458007812
2024/7/12,XLE,88.34266662597656
2024/7/15,XLE,89.6797103881836
2024/7/16,XLE,90.0798568725586
2024/7/17,XLE,90.97772216796875
2024/7/18,XLE,91.14363098144531
2024/7/19,XLE,90.1481704711914
2024/7/22,XLE,89.58212280273438
2024/7/23,XLE,88.15723419189453
2024/7/24,XLE,88.16698455810547
2024/7/25,XLE,89.68946838378906
2024/7/26,XLE,89.97249603271484
2024/7/29,XLE,89.20150756835938
2024/7/30,XLE,90.58734130859375
2024/7/31,XLE,90.96796417236328
2024/8/1,XLE,88.55736541748047
2024/8/2,XLE,86.27366638183594
2024/8/5,XLE,84.37055969238281
2024/8/6,XLE,84.88780975341797
2024/8/7,XLE,85.22940063476562
2024/8/8,XLE,87.06417846679688
2024/8/9,XLE,87.25936889648438
2024/8/12,XLE,87.68878173828125
2024/8/13,XLE,86.83970642089844
2024/8/14,XLE,87.34719848632812
2024/8/15,XLE,88.39146423339844
2024/8/16,XLE,88.29386901855469
2024/8/19,XLE,88.88919830322266
2024/8/20,XLE,86.54692840576172
2024/8/21,XLE,86.69332122802734
2024/8/22,XLE,86.91777801513672
2024/8/23,XLE,88.21578979492188
2024/8/26,XLE,89.00630950927734
2024/8/27,XLE,88.17675781
2024/8/28,XLE,87.61070251464844
2024/8/29,XLE,88.7525634765625
2024/8/30,XLE,89.0843734741211
2024/9/3,XLE,86.86898803710938
2024/9/4,XLE,85.66857147216797
2024/9/5,XLE,85.00493621826172
2024/9/6,XLE,83.94114685058594
2024/9/9,XLE,84.54623413085938
2024/9/10,XLE,83.09207153320312
2024/9/11,XLE,82.3210678100586
2024/9/12,XLE,83.06279754638672
2024/9/13,XLE,83.53124237060547
2024/9/16,XLE,84.4876708984375
2024/9/17,XLE,85.62953186035156
2024/9/18,XLE,85.79544830322266
2024/9/19,XLE,86.82018280029297
2024/9/20,XLE,86.62499237060547
2024/9/23,XLE,87.69461822509766
2024/9/24,XLE,87.47813415527344
2024/9/25,XLE,85.7659683227539
2024/9/26,XLE,84.08331298828125
2024/9/27,XLE,85.79547882080078
2024/9/30,XLE,86.3957290649414
2024/10/1,XLE,88.36373901367188
2024/10/2,XLE,89.26902770996094
2024/10/3,XLE,90.84342956542969
2024/10/4,XLE,91.68968200683594
2024/10/7,XLE,92.014404296875
2024/10/8,XLE,89.6134262084961
2024/10/9,XLE,90.15463256835938
2024/10/10,XLE,90.76471710205078
2024/10/11,XLE,91.32559204101562
2024/10/14,XLE,91.2862319946289
2024/10/15,XLE,88.34405517578125
2024/10/16,XLE,88.76718139648438
2024/10/17,XLE,89.19029998779297
2024/10/18,XLE,88.89509582519531
2024/10/21,XLE,88.6294174194336
2024/10/22,XLE,88.8360595703125
2024/10/23,XLE,88.37357330322266
2024/10/24,XLE,88.36373901367188
2024/10/25,XLE,88.33421325683594
2024/10/28,XLE,87.7733383178711
2024/10/29,XLE,86.43508911132812
2024/10/30,XLE,86.63188934326172
2024/10/31,XLE,87.17308807373047
2024/11/1,XLE,86.6220474243164
2024/11/4,XLE,88.13741302490234
2024/11/5,XLE,88.72782135009766
2024/11/6,XLE,92.0635986328125
2024/11/7,XLE,91.64047241210938
2024/11/8,XLE,92.25056457519531
2024/11/11,XLE,92.77208709716797
2024/11/12,XLE,92.28008270263672
2024/11/13,XLE,92.99840545654297
2024/11/14,XLE,93.35265350341797
2024/11/15,XLE,93.21488952636719
2024/11/18,XLE,94.45472717285156
2024/11/19,XLE,93.85449219
2024/11/20,XLE,94.79913330078125
2024/11/21,XLE,95.56666564941406
2024/11/22,XLE,95.71426391601562
2024/11/25,XLE,93.82496643066406
2024/11/26,XLE,93.69705200195312
2024/11/27,XLE,93.5986557006836
2024/11/29,XLE,94.00209045410156
2024/12/2,XLE,93.00823974609375
2024/12/3,XLE,92.99840545654297
2024/12/4,XLE,90.75488281
2024/12/5,XLE,91.10911560058594
2024/12/6,XLE,89.56422424316406
2024/12/9,XLE,89.41663360595703
2024/12/10,XLE,88.8065414428711
2024/12/11,XLE,88.95413970947266
2024/12/12,XLE,88.2358169555664
2024/12/13,XLE,87.79301452636719
2024/12/16,XLE,85.86436462402344
2024/12/17,XLE,85.22476196289062
2024/12/18,XLE,82.70570373535156
2024/12/19,XLE,81.98737335205078
2024/12/20,XLE,82.79426574707031
2024/12/23,XLE,83.28047180175781
2024/12/24,XLE,83.98497772216797
2024/12/26,XLE,83.91551971435547
2024/12/27,XLE,83.90559387207031
2024/12/30,XLE,83.89568328857422
2024/12/31,XLE,84.9970932006836
2025/1/2,XLE,85.98934936523438
2025/1/3,XLE,86.79308319091797
2025/1/6,XLE,86.39617156982422
2025/1/7,XLE,87.25944519042969
2025/1/8,XLE,87.34874725341797
2025/1/10,XLE,87.7059555053711
2025/1/13,XLE,89.55156707763672
2025/1/14,XLE,90.5140609741211
2025/1/15,XLE,91.85360717773438
2025/1/16,XLE,92.51842498779297
2025/1/17,XLE,93.23285675048828
2025/1/21,XLE,92.7565689086914
2025/1/22,XLE,91.0697250366211
2025/1/23,XLE,91.4864730834961
2025/1/24,XLE,90.60336303710938
2025/1/27,XLE,89.66071319580078
2025/1/28,XLE,88.807373046875
2025/1/29,XLE,89.00582122802734
2025/1/30,XLE,89.46226501464844
2025/1/31,XLE,86.96176147460938
2025/2/3,XLE,87.50750732421875
2025/2/4,XLE,89.34319305419922
2025/2/5,XLE,89.53172302246094
2025/2/6,XLE,87.88456726074219
2025/2/7,XLE,87.87464141845703
2025/2/10,XLE,89.80955505371094
2025/2/11,XLE,90.53390502929688
2025/2/12,XLE,88.3509292602539
2025/2/13,XLE,89.0157470703125
2025/2/14,XLE,89.37295532226562
2025/2/18,XLE,90.59344482421875
2025/2/19,XLE,91.307861328125
2025/2/20,XLE,92.14136505126953
2025/2/21,XLE,90.22630310058594
2025/2/24,XLE,90.24614715576172
2025/2/25,XLE,88.94628906
2025/2/26,XLE,88.44023132324219
2025/2/27,XLE,88.91651916503906
2025/2/28,XLE,90.29576110839844
2025/3/3,XLE,87.14037322998047
2025/3/4,XLE,86.29695129394531
2025/3/5,XLE,85.03677368164062
2025/3/6,XLE,85.29476165771484
2025/3/7,XLE,86.75338745117188
2025/3/10,XLE,87.39836120605469
2025/3/11,XLE,86.70377349853516
2025/3/12,XLE,87.10067749023438
2025/3/13,XLE,86.50532531738281
2025/3/14,XLE,89.06536102294922
2025/3/17,XLE,90.48429107666016
2025/3/18,XLE,90.63312530517578
2025/3/19,XLE,92.11160278320312
2025/3/20,XLE,92.44896697998047
2025/3/21,XLE,91.80399322509766
2025/3/24,XLE,92.8499984741211
2025/3/25,XLE,93.2300033569336
2025/3/26,XLE,93.77999877929688
2025/3/27,XLE,92.87000274658203
2025/3/28,XLE,92.43000030517578
2025/3/31,XLE,93.44999694824219
2025/4/1,XLE,94
2025/4/2,XLE,94.12999725341797
2025/4/3,XLE,86.73999786376953
2025/4/4,XLE,78.76000213623047
2025/4/7,XLE,78.25
2025/4/8,XLE,76.44000244140625
2025/4/9,XLE,82.36000061035156
2025/4/10,XLE,76.9800033569336
2025/4/11,XLE,78.88999938964844
2025/4/14,XLE,79.16999816894531
2025/4/15,XLE,79.05000305175781
2025/4/16,XLE,79.69999694824219
2025/4/17,XLE,81.5
2024/4/22,XLF,40.2432861328125
2024/4/23,XLF,40.49930191040039
2024/4/24,XLF,40.48945236206055
2024/4/25,XLF,40.25313186645508
2024/4/26,XLF,40.194053649902344
2024/4/29,XLF,40.13497543334961
2024/4/30,XLF,39.741111755371094
2024/5/1,XLF,39.741111755371094
2024/5/2,XLF,39.839576721191406
2024/5/3,XLF,39.92819595336914
2024/5/6,XLF,40.440223693847656
2024/5/7,XLF,40.57807540893555
2024/5/8,XLF,40.725772857666016
2024/5/9,XLF,41.03102111816406
2024/5/10,XLF,41.188568115234375
2024/5/13,XLF,41.02117156982422
2024/5/14,XLF,41.22795104980469
2024/5/15,XLF,41.53320313
2024/5/16,XLF,41.53320313
2024/5/17,XLF,41.83844757080078
2024/5/20,XLF,41.26734161376953
2024/5/21,XLF,41.53320313
2024/5/22,XLF,41.296878814697266
2024/5/23,XLF,40.725772857666016
2024/5/24,XLF,40.97194290161133
2024/5/28,XLF,40.51899337768555
2024/5/29,XLF,40.194053649902344
2024/5/30,XLF,40.410682678222656
2024/5/31,XLF,41.00148010253906
2024/6/3,XLF,40.7454719543457
2024/6/4,XLF,40.558380126953125
2024/6/5,XLF,40.676544189453125
2024/6/6,XLF,40.6568489074707
2024/6/7,XLF,40.84393310546875
2024/6/10,XLF,40.68638610839844
2024/6/11,XLF,40.223594665527344
2024/6/12,XLF,40.184207916259766
2024/6/13,XLF,40.154666900634766
2024/6/14,XLF,40.02666091918945
2024/6/17,XLF,40.381141662597656
2024/6/18,XLF,40.63715744018555
2024/6/20,XLF,40.85377883911133
2024/6/21,XLF,40.696231842041016
2024/6/24,XLF,41.11439514160156
2024/6/25,XLF,40.80794143676758
2024/6/26,XLF,40.5509147644043
2024/6/27,XLF,40.501487731933594
2024/6/28,XLF,40.63988494873047
2024/7/1,XLF,40.72885513305664
2024/7/2,XLF,41.203369140625
2024/7/3,XLF,41.074851989746094
2024/7/5,XLF,41.06496810913086
2024/7/8,XLF,40.95622634887695
2024/7/9,XLF,41.27256774902344
2024/7/10,XLF,41.43073654174805
2024/7/11,XLF,41.756961822509766
2024/7/12,XLF,41.895362854003906
2024/7/15,XLF,42.508270263671875
2024/7/16,XLF,42.992671966552734
2024/7/17,XLF,43.31889343261719
2024/7/18,XLF,42.79495620727539
2024/7/19,XLF,42.3599853515625
2024/7/22,XLF,42.59724044799805
2024/7/23,XLF,42.676326751708984
2024/7/24,XLF,42.093074798583984
2024/7/25,XLF,42.25124740600586
2024/7/26,XLF,42.91358184814453
2024/7/29,XLF,42.854270935058594
2024/7/30,XLF,43.348548889160156
2024/7/31,XLF,43.239810943603516
2024/8/1,XLF,42.62689971923828
2024/8/2,XLF,41.57902526855469
2024/8/5,XLF,40.37297439575195
2024/8/6,XLF,41.02542495727539
2024/8/7,XLF,41.074851989746094
2024/8/8,XLF,41.7371940612793
2024/8/9,XLF,41.91513442993164
2024/8/12,XLF,41.69765090942383
2024/8/13,XLF,42.04364776611328
2024/8/14,XLF,42.557701110839844
2024/8/15,XLF,42.953128814697266
2024/8/16,XLF,43.269466400146484
2024/8/19,XLF,43.50672149658203
2024/8/20,XLF,43.368324279785156
2024/8/21,XLF,43.29912567138672
2024/8/22,XLF,43.5462646484375
2024/8/23,XLF,43.92191696166992
2024/8/26,XLF,44.06031799316406
2024/8/27,XLF,44.287689208984375
2024/8/28,XLF,44.39643096923828
2024/8/29,XLF,44.7918586730957
2024/8/30,XLF,45.216941833496094
2024/9/3,XLF,44.880828857421875
2024/9/4,XLF,44.93025588989258
2024/9/5,XLF,44.435977935791016
2024/9/6,XLF,43.78351974487305
2024/9/9,XLF,44.435977935791016
2024/9/10,XLF,43.981239318847656
2024/9/11,XLF,43.77363204956055
2024/9/12,XLF,43.87248992919922
2024/9/13,XLF,44.00100326538086
2024/9/16,XLF,44.57437515258789
2024/9/17,XLF,44.81163024902344
2024/9/18,XLF,44.67322540283203
2024/9/19,XLF,45.167510986328125
2024/9/20,XLF,45.13785171508789
2024/9/23,XLF,45.083282470703125
2024/9/24,XLF,44.706268310546875
2024/9/25,XLF,44.43838882446289
2024/9/26,XLF,44.66658401489258
2024/9/27,XLF,44.795562744140625
2024/9/30,XLF,44.964229583740234
2024/10/1,XLF,44.726112365722656
2024/10/2,XLF,44.775718688964844
2024/10/3,XLF,44.537601470947266
2024/10/4,XLF,45.2916374206543
2024/10/7,XLF,44.73603439331055
2024/10/8,XLF,44.993988037109375
2024/10/9,XLF,45.41069793701172
2024/10/10,XLF,45.27179718017578
2024/10/11,XLF,46.14488220214844
2024/10/14,XLF,46.43260955810547
2024/10/15,XLF,46.53182601928711
2024/10/16,XLF,47.107269287109375
2024/10/17,XLF,47.23624801635742
2024/10/18,XLF,47.24617004394531
2024/10/21,XLF,46.86915588378906
2024/10/22,XLF,46.77986145019531
2024/10/23,XLF,46.740177154541016
2024/10/24,XLF,46.77986145019531
2024/10/25,XLF,46.26394271850586
2024/10/28,XLF,46.83938980102539
2024/10/29,XLF,46.551666259765625
2024/10/30,XLF,46.7600212097168
2024/10/31,XLF,46.11511993408203
2024/11/1,XLF,46.27386474609375
2024/11/4,XLF,45.916690826416016
2024/11/5,XLF,46.34331512451172
2024/11/6,XLF,49.1610221862793
2024/11/7,XLF,48.3672981262207
2024/11/8,XLF,48.80384826660156
2024/11/11,XLF,49.498348236083984
2024/11/12,XLF,49.34952926635742
2024/11/13,XLF,49.379295349121094
2024/11/14,XLF,49.25031661987305
2024/11/15,XLF,49.47850799560547
2024/11/18,XLF,49.62733459472656
2024/11/19,XLF,49.29991912841797
2024/11/20,XLF,49.151100158691406
2024/11/21,XLF,49.776153564453125
2024/11/22,XLF,50.331756591796875
2024/11/25,XLF,50.6591682434082
2024/11/26,XLF,50.758384704589844
2024/11/27,XLF,50.85759353637695
2024/11/29,XLF,50.93696975708008
2024/12/2,XLF,50.430973052978516
2024/12/3,XLF,50.053955078125
2024/12/4,XLF,49.86544418334961
2024/12/5,XLF,50.01426696777344
2024/12/6,XLF,50.00435256958008
2024/12/9,XLF,49.31976318359375
2024/12/10,XLF,49.309844970703125
2024/12/11,XLF,49.409053802490234
2024/12/12,XLF,49.1907844543457
2024/12/13,XLF,49.151100158691406
2024/12/16,XLF,49.061805725097656
2024/12/17,XLF,48.71455383300781
2024/12/18,XLF,47.2560920715332
2024/12/19,XLF,47.42475891113281
2024/12/20,XLF,48.12918472290039
2024/12/23,XLF,48.2447624206543
2024/12/24,XLF,48.81270217895508
2024/12/26,XLF,48.93226623535156
2024/12/27,XLF,48.573570251464844
2024/12/30,XLF,48.10527038574219
2024/12/31,XLF,48.15509033203125
2025/1/2,XLF,48.0355224609375
2025/1/3,XLF,48.41415023803711
2025/1/6,XLF,48.26469039916992
2025/1/7,XLF,48.15509033203125
2025/1/8,XLF,48.31451416015625
2025/1/10,XLF,47.148746490478516
2025/1/13,XLF,47.48751449584961
2025/1/14,XLF,48.07537841796875
2025/1/15,XLF,49.300926208496094
2025/1/16,XLF,49.62973403930664
2025/1/17,XLF,50.048213958740234
2025/1/21,XLF,50.46669387817383
2025/1/22,XLF,50.227561950683594
2025/1/23,XLF,50.51651382446289
2025/1/24,XLF,50.66596984863281
2025/1/27,XLF,51.223941802978516
2025/1/28,XLF,51.13426971435547
2025/1/29,XLF,51.09441375732422
2025/1/30,XLF,51.5826416015625
2025/1/31,XLF,51.28372573852539
2025/2/3,XLF,51.074485778808594
2025/2/4,XLF,50.95492172241211
2025/2/5,XLF,51.49296569824219
2025/2/6,XLF,51.921409606933594
2025/2/7,XLF,51.6324577331543
2025/2/10,XLF,51.223941802978516
2025/2/11,XLF,51.35347366333008
2025/2/12,XLF,51.17412567138672
2025/2/13,XLF,51.51289367675781
2025/2/14,XLF,51.61252975463867
2025/2/18,XLF,51.9811897277832
2025/2/19,XLF,52.00111770629883
2025/2/20,XLF,51.20401382446289
2025/2/21,XLF,50.56633377075195
2025/2/24,XLF,50.78553771972656
2025/2/25,XLF,50.775569915771484
2025/2/26,XLF,50.66596984863281
2025/2/27,XLF,50.9449577331543
2025/2/28,XLF,51.99115753173828
2025/3/3,XLF,51.55274963378906
2025/3/4,XLF,49.73933410644531
2025/3/5,XLF,50.02828598022461
2025/3/6,XLF,49.201290130615234
2025/3/7,XLF,48.942230224609375
2025/3/10,XLF,47.846214294433594
2025/3/11,XLF,47.43769454956055
2025/3/12,XLF,47.507442474365234
2025/3/13,XLF,47.248382568359375
2025/3/14,XLF,48.34440231323242
2025/3/17,XLF,48.91233825683594
2025/3/18,XLF,48.85255432128906
2025/3/19,XLF,49.390602111816406
2025/3/20,XLF,49.460350036621094
2025/3/21,XLF,49.28099822998047
2025/3/24,XLF,50.150001525878906
2025/3/25,XLF,50.43000030517578
2025/3/26,XLF,50.279998779296875
2025/3/27,XLF,50.18000030517578
2025/3/28,XLF,49.209999084472656
2025/3/31,XLF,49.810001373291016
2025/4/1,XLF,49.75
2025/4/2,XLF,50.15999984741211
2025/4/3,XLF,47.689998626708984
2025/4/4,XLF,44.20000076293945
2025/4/7,XLF,44.09000015258789
2025/4/8,XLF,43.91999816894531
2025/4/9,XLF,47.22999954223633
2025/4/10,XLF,45.90999984741211
2025/4/11,XLF,46.66999816894531
2025/4/14,XLF,47.150001525878906
2025/4/15,XLF,47.27000045776367
2025/4/16,XLF,46.529998779296875
2025/4/17,XLF,46.650001525878906
